artwork_id,accession_number,title,tombstone,creator_id,creator_role,description,department_id,department_name
86508,2015.584,Gates of the City,"New York Series: Gates of the City, 1922. John Taylor Arms (American, 1887-1953). Color etching and aquatint; platemark: 21.5 x 20.2 cm (8 7/16 x 7 15/16 in.); sheet: 31.1 x 26.2 cm (12 1/4 x 10 5/16 in.). The Cleveland Museum of Art, Gift of Carole W. and Charles B. Rosenblatt 2015.584 Courtesy of John Taylor Arms/ © Suzanne Arms Hawkins",29993,artist,"John Taylor Arms (American, 1887-1953)",21,Prints
86508,2015.584,Gates of the City,"New York Series: Gates of the City, 1922. John Taylor Arms (American, 1887-1953). Color etching and aquatint; platemark: 21.5 x 20.2 cm (8 7/16 x 7 15/16 in.); sheet: 31.1 x 26.2 cm (12 1/4 x 10 5/16 in.). The Cleveland Museum of Art, Gift of Carole W. and Charles B. Rosenblatt 2015.584 Courtesy of John Taylor Arms/ © Suzanne Arms Hawkins",68000,printer,"Frederick Reynolds (American, b. England, 1882-1945)",21,Prints
90151,2015.463,Calligraphy with Willow and Swallows,"Calligraphy with Willow and Swallows, 1400s. Ikkyū Sōjun (Japanese, 1394-1481). Hanging scroll, ink on paper; overall: 104 x 34.8 cm (40 15/16 x 13 11/16 in.). The Cleveland Museum of Art, Gift from the Collection of George Gund III 2015.463",282172,artist,"Ikkyū Sōjun (Japanese, 1394-1481)",14,Japanese Art
94346,1914.726,Flask in the Form of a Leather Bag,"Flask in the Form of a Leather Bag, c. 1415-1381 BC. Egypt, New Kingdom, mid-Dynasty 18, late in the reign of Tuthmosis III to the early reign of Amenhotep III, 1479-1353 BC. Nile silt ware; overall: 13.5 x 7.4 x 5 cm (5 5/16 x 2 15/16 x 1 15/16 in.). The Cleveland Museum of Art, Gift of the John Huntington Art and Polytechnic Trust 1914.726",,,,9,Egyptian and Ancient Near Eastern Art
95185,1915.79,Dido and Aeneas,"Dido and Aeneas, 1679. Giovanni Francesco Romanelli (Italian, 1610-1662), Michael Wauters (Flemish, 1679). Tapestry weave: silk and wool; The Cleveland Museum of Art, Gift of Mrs. Francis F. Prentiss, in memory of Dr. Dudley P. Allen 1915.79",9464,designed by,"Giovanni Francesco Romanelli (Italian, 1610-1662)",22,Textiles
95185,1915.79,Dido and Aeneas,"Dido and Aeneas, 1679. Giovanni Francesco Romanelli (Italian, 1610-1662), Michael Wauters (Flemish, 1679). Tapestry weave: silk and wool; The Cleveland Museum of Art, Gift of Mrs. Francis F. Prentiss, in memory of Dr. Dudley P. Allen 1915.79",9467,woven by,"Michael Wauters (Flemish, 1679)",22,Textiles
95186,1915.79.1,Venus tells Aeneas and his friend Achates to go to Carthage,"Venus tells Aeneas and his friend Achates to go to Carthage, 1679. Giovanni Francesco Romanelli (Italian, 1610-1662), Michael Wauters (Flemish, 1679). Tapestry weave: silk and wool; overall: 411.3 x 294.5 cm (161 15/16 x 115 15/16 in.). The Cleveland Museum of Art, Gift of Mrs. Francis F. Prentiss, in memory of Dr. Dudley P. Allen 1915.79.1",9464,designed by,"Giovanni Francesco Romanelli (Italian, 1610-1662)",22,Textiles
95186,1915.79.1,Venus tells Aeneas and his friend Achates to go to Carthage,"Venus tells Aeneas and his friend Achates to go to Carthage, 1679. Giovanni Francesco Romanelli (Italian, 1610-1662), Michael Wauters (Flemish, 1679). Tapestry weave: silk and wool; overall: 411.3 x 294.5 cm (161 15/16 x 115 15/16 in.). The Cleveland Museum of Art, Gift of Mrs. Francis F. Prentiss, in memory of Dr. Dudley P. Allen 1915.79.1",9467,woven by,"Michael Wauters (Flemish, 1679)",22,Textiles
95187,1915.79.2,"Cupid disguised as Aeneas's son, presents gifts to Dido","Cupid disguised as Aeneas's son, presents gifts to Dido, 1679. Giovanni Francesco Romanelli (Italian, 1610-1662), Michael Wauters (Flemish, 1679). Tapestry weave: silk and wool; overall: 418.8 x 634.6 cm (164 7/8 x 249 13/16 in.). The Cleveland Museum of Art, Gift of Mrs. Francis F. Prentiss, in memory of Dr. Dudley P. Allen 1915.79.2",9464,designed by,"Giovanni Francesco Romanelli (Italian, 1610-1662)",22,Textiles
95187,1915.79.2,"Cupid disguised as Aeneas's son, presents gifts to Dido","Cupid disguised as Aeneas's son, presents gifts to Dido, 1679. Giovanni Francesco Romanelli (Italian, 1610-1662), Michael Wauters (Flemish, 1679). Tapestry weave: silk and wool; overall: 418.8 x 634.6 cm (164 7/8 x 249 13/16 in.). The Cleveland Museum of Art, Gift of Mrs. Francis F. Prentiss, in memory of Dr. Dudley P. Allen 1915.79.2",9467,woven by,"Michael Wauters (Flemish, 1679)",22,Textiles
95188,1915.79.3,"Dido Sacrifices to Juno, the Goddess of Marriage","Dido Sacrifices to Juno, the Goddess of Marriage, 1679. Giovanni Francesco Romanelli (Italian, 1610-1662), Michael Wauters (Flemish, 1679). Tapestry weave: silk and wool; overall: 411 x 464.5 cm (161 13/16 x 182 7/8 in.). The Cleveland Museum of Art, Gift of Mrs. Francis F. Prentiss, in memory of Dr. Dudley P. Allen 1915.79.3",9464,designed by,"Giovanni Francesco Romanelli (Italian, 1610-1662)",22,Textiles
95188,1915.79.3,"Dido Sacrifices to Juno, the Goddess of Marriage","Dido Sacrifices to Juno, the Goddess of Marriage, 1679. Giovanni Francesco Romanelli (Italian, 1610-1662), Michael Wauters (Flemish, 1679). Tapestry weave: silk and wool; overall: 411 x 464.5 cm (161 13/16 x 182 7/8 in.). The Cleveland Museum of Art, Gift of Mrs. Francis F. Prentiss, in memory of Dr. Dudley P. Allen 1915.79.3",9467,woven by,"Michael Wauters (Flemish, 1679)",22,Textiles
95189,1915.79.4,Dido shows Aeneas the plans for the fortifications of Carthage,"Dido shows Aeneas the plans for the fortifications of Carthage, 1679. Giovanni Francesco Romanelli (Italian, 1610-1662), Michael Wauters (Flemish, 1679). Tapestry weave: silk and wool; overall: 416.4 x 563.6 cm (163 15/16 x 221 7/8 in.). The Cleveland Museum of Art, Gift of Mrs. Francis F. Prentiss, in memory of Dr. Dudley P. Allen 1915.79.4",9464,designed by,"Giovanni Francesco Romanelli (Italian, 1610-1662)",22,Textiles
95189,1915.79.4,Dido shows Aeneas the plans for the fortifications of Carthage,"Dido shows Aeneas the plans for the fortifications of Carthage, 1679. Giovanni Francesco Romanelli (Italian, 1610-1662), Michael Wauters (Flemish, 1679). Tapestry weave: silk and wool; overall: 416.4 x 563.6 cm (163 15/16 x 221 7/8 in.). The Cleveland Museum of Art, Gift of Mrs. Francis F. Prentiss, in memory of Dr. Dudley P. Allen 1915.79.4",9467,woven by,"Michael Wauters (Flemish, 1679)",22,Textiles
95190,1915.79.5,Dido and Aeneas seek shelter from a storm,"Dido and Aeneas seek shelter from a storm, 1679. Giovanni Francesco Romanelli (Italian, 1610-1662), Michael Wauters (Flemish, 1679). Tapestry weave: silk and wool; overall: 416.4 x 418.8 cm (163 15/16 x 164 7/8 in.). The Cleveland Museum of Art, Gift of Mrs. Francis F. Prentiss, in memory of Dr. Dudley P. Allen 1915.79.5",9464,designed by,"Giovanni Francesco Romanelli (Italian, 1610-1662)",22,Textiles
95190,1915.79.5,Dido and Aeneas seek shelter from a storm,"Dido and Aeneas seek shelter from a storm, 1679. Giovanni Francesco Romanelli (Italian, 1610-1662), Michael Wauters (Flemish, 1679). Tapestry weave: silk and wool; overall: 416.4 x 418.8 cm (163 15/16 x 164 7/8 in.). The Cleveland Museum of Art, Gift of Mrs. Francis F. Prentiss, in memory of Dr. Dudley P. Allen 1915.79.5",9467,woven by,"Michael Wauters (Flemish, 1679)",22,Textiles
95191,1915.79.6,Mercury tells Aeneas to Leave Carthage,"Mercury tells Aeneas to Leave Carthage, 1679. Giovanni Francesco Romanelli (Italian, 1610-1662), Michael Wauters (Flemish, 1679). Tapestry weave: silk and wool; overall: 411 x 337 cm (161 13/16 x 132 11/16 in.). The Cleveland Museum of Art, Gift of Mrs. Francis F. Prentiss, in memory of Dr. Dudley P. Allen 1915.79.6",9464,designed by,"Giovanni Francesco Romanelli (Italian, 1610-1662)",22,Textiles
95191,1915.79.6,Mercury tells Aeneas to Leave Carthage,"Mercury tells Aeneas to Leave Carthage, 1679. Giovanni Francesco Romanelli (Italian, 1610-1662), Michael Wauters (Flemish, 1679). Tapestry weave: silk and wool; overall: 411 x 337 cm (161 13/16 x 132 11/16 in.). The Cleveland Museum of Art, Gift of Mrs. Francis F. Prentiss, in memory of Dr. Dudley P. Allen 1915.79.6",9467,woven by,"Michael Wauters (Flemish, 1679)",22,Textiles
95192,1915.79.7,Aeneas says Farewell to Dido,"Aeneas says Farewell to Dido, 1679. Giovanni Francesco Romanelli (Italian, 1610-1662), Michael Wauters (Flemish, 1679). Tapestry weave: silk and wool; overall: 403 x 394 cm (158 11/16 x 155 1/8 in.). The Cleveland Museum of Art, Gift of Mrs. Francis F. Prentiss, in memory of Dr. Dudley P. Allen 1915.79.7",9464,designed by,"Giovanni Francesco Romanelli (Italian, 1610-1662)",22,Textiles
95192,1915.79.7,Aeneas says Farewell to Dido,"Aeneas says Farewell to Dido, 1679. Giovanni Francesco Romanelli (Italian, 1610-1662), Michael Wauters (Flemish, 1679). Tapestry weave: silk and wool; overall: 403 x 394 cm (158 11/16 x 155 1/8 in.). The Cleveland Museum of Art, Gift of Mrs. Francis F. Prentiss, in memory of Dr. Dudley P. Allen 1915.79.7",9467,woven by,"Michael Wauters (Flemish, 1679)",22,Textiles
95193,1915.79.8,The Death of Dido,"The Death of Dido, 1679. Giovanni Francesco Romanelli (Italian, 1610-1662), Michael Wauters (Flemish, 1679). Tapestry weave: silk and wool; overall: 414 x 466.5 cm (163 x 183 11/16 in.). The Cleveland Museum of Art, Gift of Mrs. Francis F. Prentiss, in memory of Dr. Dudley P. Allen 1915.79.8",9464,designed by,"Giovanni Francesco Romanelli (Italian, 1610-1662)",22,Textiles
95193,1915.79.8,The Death of Dido,"The Death of Dido, 1679. Giovanni Francesco Romanelli (Italian, 1610-1662), Michael Wauters (Flemish, 1679). Tapestry weave: silk and wool; overall: 414 x 466.5 cm (163 x 183 11/16 in.). The Cleveland Museum of Art, Gift of Mrs. Francis F. Prentiss, in memory of Dr. Dudley P. Allen 1915.79.8",9467,woven by,"Michael Wauters (Flemish, 1679)",22,Textiles
97158,1916.796,Virgin and Child with Saints,"Virgin and Child with Saints, c. 1510. Italy, Venice, 16th century. Oil on wood; framed: 109.5 x 149.9 x 9.5 cm (43 1/8 x 59 x 3 3/4 in.); unframed: 77.8 x 118.7 cm (30 5/8 x 46 3/4 in.). The Cleveland Museum of Art, Holden Collection 1916.796",,,,10,European Painting and Sculpture
97335,1916.965,Listening Angel,"Listening Angel, 16th century. Northern Italy, 16th century. Oil on canvas; unframed: 59.6 x 49.5 cm (23 7/16 x 19 1/2 in.). The Cleveland Museum of Art, Holden Collection 1916.965",,,,10,European Painting and Sculpture
97336,1916.966,Two Putti,"Two Putti, 1700s. Italy, 18th century. Oil on canvas; framed: 138 x 114 x 10 cm (54 5/16 x 44 7/8 x 3 15/16 in.); unframed: 103 x 81.5 cm (40 9/16 x 32 1/16 in.). The Cleveland Museum of Art, Holden Collection 1916.966",,,,10,European Painting and Sculpture
98657,1918.356,Harp,"Harp, 1900s. Central Africa, Democratic Republic of the Congo, Mangbetu, 20th century. Wood; overall: 63.6 cm (25 1/16 in.). The Cleveland Museum of Art, The Charles G. King, Jr. Collection.  Gift of Ralph King in memory of Charles G. King, Jr. 1918.356",,,,0,African Art
103042,1921.1699,Figurine,"Figurine, 1325-1521. Mexico, Aztec. Pottery; overall: 19.8 cm (7 13/16 in.). The Cleveland Museum of Art, Gift of Edward B. Greene 1921.1699",,,,2,Art of the Americas
109709,1928.35,San Ildefonso Pottery Design,"San Ildefonso Pottery Design, Before 1928. Kenneth M Chapman (American, 1875-1968). Drawing; page: 25.4 x 11.4 cm (10 x 4 1/2 in.). The Cleveland Museum of Art, Educational Purchase Fund 1928.35",48024,artist,"Kenneth M Chapman (American, 1875-1968)",6,Drawings
112830,1931.439,Harmony,"Harmony, c. 1910 - 1940. Karoly Fulop (Hungarian, 1898-). Oil on wood; overall: 59.1 x 57.8 cm (23 1/4 x 22 3/4 in.). The Cleveland Museum of Art, Gift of Mrs. Henry A. Everett for the Dorothy Burnham Everett Memorial Collection 1931.439",33109,artist,"Karoly Fulop (Hungarian, 1898-)",17,Modern European Painting and Sculpture
117251,1937.804,Masked Figure,"Masked Figure, 1930s. Oqwa Pi (American, 1899-1971). Watercolor; paper: 27.9 x 35.6 cm (11 x 14 in.). The Cleveland Museum of Art, Gift of Amelia Elizabeth White 1937.804",48313,artist,"Oqwa Pi (American, 1899-1971)",6,Drawings
117370,1937.926,Crow Dancer,"Crow Dancer, 1930s. Velino Herrera (American, 1902-1973). Watercolor; matted: 25.4 x 38.1 cm (10 x 15 in.). The Cleveland Museum of Art, Gift of Amelia Elizabeth White 1937.926",47997,artist,"Velino Herrera (American, 1902-1973)",6,Drawings
122339,1942.636,Virgin and Child with Saints and Donors,"Virgin and Child with Saints and Donors, c. 1515. Giovanni Battista Cima da Conegliano (Italian, ca. 1459-1518), and Workshop. Oil on wood; framed: 103 x 125 x 16 cm (40 9/16 x 49 3/16 x 6 5/16 in.); unframed: 56 x 78.8 cm (22 1/16 x 31 in.). The Cleveland Museum of Art, Bequest of John L. Severance 1942.636",2091,artist,"Giovanni Battista Cima da Conegliano (Italian, ca. 1459-1518)",10,European Painting and Sculpture
122339,1942.636,Virgin and Child with Saints and Donors,"Virgin and Child with Saints and Donors, c. 1515. Giovanni Battista Cima da Conegliano (Italian, ca. 1459-1518), and Workshop. Oil on wood; framed: 103 x 125 x 16 cm (40 9/16 x 49 3/16 x 6 5/16 in.); unframed: 56 x 78.8 cm (22 1/16 x 31 in.). The Cleveland Museum of Art, Bequest of John L. Severance 1942.636",34768,NULL,Workshop,10,European Painting and Sculpture
122339,1942.636,Virgin and Child with Saints and Donors,"Virgin and Child with Saints and Donors, c. 1515. Giovanni Battista Cima da Conegliano (Italian, ca. 1459-1518), and Workshop. Oil on wood; framed: 103 x 125 x 16 cm (40 9/16 x 49 3/16 x 6 5/16 in.); unframed: 56 x 78.8 cm (22 1/16 x 31 in.). The Cleveland Museum of Art, Bequest of John L. Severance 1942.636",34768,artist,Workshop,10,European Painting and Sculpture
123705,1944.237,The Game of Leap Frog,"The Game of Leap Frog, 1785. Jean Guillaume Moitte (French, 1746-1810), Antoine-François Gérard (French, 1760-1843). Wax on slate; framed: 30 x 53.5 x 4 cm (11 13/16 x 21 1/16 x 1 9/16 in.); overall: 40.7 cm (16 in.). The Cleveland Museum of Art, Purchase from the J. H. Wade Fund 1944.237",8601,designed by,"Jean Guillaume Moitte (French, 1746-1810)",10,European Painting and Sculpture
123705,1944.237,The Game of Leap Frog,"The Game of Leap Frog, 1785. Jean Guillaume Moitte (French, 1746-1810), Antoine-François Gérard (French, 1760-1843). Wax on slate; framed: 30 x 53.5 x 4 cm (11 13/16 x 21 1/16 x 1 9/16 in.); overall: 40.7 cm (16 in.). The Cleveland Museum of Art, Purchase from the J. H. Wade Fund 1944.237",8604,executed by,"Antoine-François Gérard (French, 1760-1843)",10,European Painting and Sculpture
124245,1945.24,La Vie,"La Vie, 1903. Pablo Picasso (Spanish, 1881-1973). Oil on canvas; framed: 239 x 170 x 10 cm (94 1/8 x 66 15/16 x 3 15/16 in.); unframed: 196.5 x 129.2 cm (77 3/8 x 50 7/8 in.). The Cleveland Museum of Art, Gift of the Hanna Fund 1945.24 © Estate of Pablo Picasso / Artists Rights Society (ARS), New York",2160,artist,"Pablo Picasso (Spanish, 1881-1973)",17,Modern European Painting and Sculpture
125133,1947.106,Fish in Net,"Fish in Net, 1947. Onondaga Silk Company (American), after a design by Waldo Pierce (American, 1884-1970). Plain cloth, screen printed: silk; average: 274.3 x 104.1 cm (108 x 41 in.). The Cleveland Museum of Art, Purchase from the J. H. Wade Fund 1947.106",29144,artist,"Waldo Pierce (American, 1884-1970)",22,Textiles
125133,1947.106,Fish in Net,"Fish in Net, 1947. Onondaga Silk Company (American), after a design by Waldo Pierce (American, 1884-1970). Plain cloth, screen printed: silk; average: 274.3 x 104.1 cm (108 x 41 in.). The Cleveland Museum of Art, Purchase from the J. H. Wade Fund 1947.106",32234,manufacturer,Onondaga Silk Company (American),22,Textiles
126768,1949.185,Holy Family with a Shepherd,"Holy Family with a Shepherd, early 1520s. Battista Dossi (Italian, ca. 1490-1548). Oil on canvas; unframed: 38.7 x 32 cm (15 1/4 x 12 5/8 in.). The Cleveland Museum of Art, Delia E. Holden and L. E. Holden Funds 1949.185",2154,artist,"Battista Dossi (Italian, ca. 1490-1548)",10,European Painting and Sculpture
128075,1950.91,The Visitation,"The Visitation, c. 1530-1550. Germany, Danube School, 16th century. Oil on wood; framed: 114.6 x 89.9 x 7.3 cm (45 1/8 x 35 3/8 x 2 7/8 in.); unframed: 102.7 x 78.5 cm (40 7/16 x 30 7/8 in.). The Cleveland Museum of Art, Gift of the Hanna Fund 1950.91",,,,10,European Painting and Sculpture
130223,1952.592,Covered Tureen on Stand (Pot à oille),"Covered Tureen on Stand (Pot à oille), 1797-1798. Henry Auguste (French, 1759-1816). Silver; overall: 26.2 x 29.1 cm (10 5/16 x 11 7/16 in.); average: 22.6 cm (8 7/8 in.). The Cleveland Museum of Art, Gift of James Hazen Hyde 1952.592",16443,fabricated by,"Henry Auguste (French, 1759-1816)",5,Decorative Art and Design
131349,1954.13.9,"Arquitectura Funcional:  Shadows, No. 4","Arquitectura Funcional:  Shadows, No. 4. Francisco Dosamantes. Lithograph; The Cleveland Museum of Art, Gift of Francisco Dosamantes 1954.13.9",28003,artist,Francisco Dosamantes,21,Prints
134843,1957.4,Brush Washer,"Brush Washer, late 1000s-1127. China, Henan Province, Baofeng, Qingliangsi, Northern Song dynasty (960-1127). Porcelaneous stoneware, Ru ware; diameter: 12.8 cm (5 1/16 in.); overall: 3.8 cm (1 1/2 in.). The Cleveland Museum of Art, John L. Severance Fund 1957.40",,,,3,Chinese Art
135141,1958.174,A Family Meal,"A Family Meal, c. 1645-55 or later. Le Nain family (French), after Le Maître des Jeux (French). Oil on canvas; framed: 111.8 x 142.2 x 10.2 cm (44 x 56 x 4 in.); unframed: 92 x 120.5 cm (36 1/4 x 47 7/16 in.). The Cleveland Museum of Art, Gift of Mrs. Salmon P. Halle in memory of Salmon Portland Halle 1958.174",59271,artist,Le Nain family (French),10,European Painting and Sculpture
135141,1958.174,A Family Meal,"A Family Meal, c. 1645-55 or later. Le Nain family (French), after Le Maître des Jeux (French). Oil on canvas; framed: 111.8 x 142.2 x 10.2 cm (44 x 56 x 4 in.); unframed: 92 x 120.5 cm (36 1/4 x 47 7/16 in.). The Cleveland Museum of Art, Gift of Mrs. Salmon P. Halle in memory of Salmon Portland Halle 1958.174",59274,artist,Le Maître des Jeux (French),10,European Painting and Sculpture
136667,1961.205,Nome Gods Bearing Offerings,"Nome Gods Bearing Offerings, c. 1391-1353 BC. Egypt, New Kingdom, Dynasty 18 (1540-1296), reign of Amenhotep III. Painted limestone; overall: 66 cm (26 in.). The Cleveland Museum of Art, John L. Severance Fund 1961.205",,,,9,Egyptian and Ancient Near Eastern Art
137119,1961.87,Prayer Nut with Scenes from the Life of St. James the Greater,"Prayer Nut with Scenes from the Life of St. James the Greater, c. 1500-1530. Adam Dircksz (Netherlandish, active c. 1500), and Workshop. Boxwood; overall: 5.8 x 4.8 cm (2 5/16 x 1 7/8 in.). The Cleveland Museum of Art, Purchase from the J. H. Wade Fund 1961.87",301173,artist,"Adam Dircksz (Netherlandish, active c. 1500)",16,Medieval Art
137119,1961.87,Prayer Nut with Scenes from the Life of St. James the Greater,"Prayer Nut with Scenes from the Life of St. James the Greater, c. 1500-1530. Adam Dircksz (Netherlandish, active c. 1500), and Workshop. Boxwood; overall: 5.8 x 4.8 cm (2 5/16 x 1 7/8 in.). The Cleveland Museum of Art, Purchase from the J. H. Wade Fund 1961.87",34768,NULL,Workshop,16,Medieval Art
137119,1961.87,Prayer Nut with Scenes from the Life of St. James the Greater,"Prayer Nut with Scenes from the Life of St. James the Greater, c. 1500-1530. Adam Dircksz (Netherlandish, active c. 1500), and Workshop. Boxwood; overall: 5.8 x 4.8 cm (2 5/16 x 1 7/8 in.). The Cleveland Museum of Art, Purchase from the J. H. Wade Fund 1961.87",34768,artist,Workshop,16,Medieval Art
140001,1963.673,Imperial Red Cross Easter Egg,"Imperial Red Cross Easter Egg, 1915. Firm of Peter Carl Fabergé (Russian, 1846-1920), Henrik Wigström (Russian, 1862-1923). Gold, silver, enamel, glass, ivory; overall: 8.6 x 6.4 cm (3 3/8 x 2 1/2 in.). The Cleveland Museum of Art, The India Early Minshall Collection 1963.673",5366,artist,"Peter Carl Fabergé (Russian, 1846-1920)",5,Decorative Art and Design
140001,1963.673,Imperial Red Cross Easter Egg,"Imperial Red Cross Easter Egg, 1915. Firm of Peter Carl Fabergé (Russian, 1846-1920), Henrik Wigström (Russian, 1862-1923). Gold, silver, enamel, glass, ivory; overall: 8.6 x 6.4 cm (3 3/8 x 2 1/2 in.). The Cleveland Museum of Art, The India Early Minshall Collection 1963.673",8891,fabricated by,"Henrik Wigström (Russian, 1862-1923)",5,Decorative Art and Design
140208,1964.2,Composition Concrete (Study for Mural),"Composition Concrete (Study for Mural), 1957-1960. Stuart Davis (American, 1894-1964). Oil on canvas; framed: 130.5 x 72 x 9.5 cm (51 3/8 x 28 3/8 x 3 3/4 in.); unframed: 108.6 x 50.8 cm (42 3/4 x 20 in.). The Cleveland Museum of Art, Contemporary Collection of The Cleveland Museum of Art 1964.2 © VAGA, New York, NY",3420,artist,"Stuart Davis (American, 1894-1964)",1,American Painting and Sculpture
141639,1965.233,Twilight in the Wilderness,"Twilight in the Wilderness, 1860. Frederic Edwin Church (American, 1826-1900). Oil on canvas; framed: 124 x 185 x 13 cm (48 13/16 x 72 13/16 x 5 1/8 in.); unframed: 101.6 x 162.6 cm (40 x 64 in.). The Cleveland Museum of Art, Mr. and Mrs. William H. Marlatt Fund 1965.233",2697,artist,"Frederic Edwin Church (American, 1826-1900)",1,American Painting and Sculpture
141883,1965.427,Lom-Lan,"Lom-Lan, 1949-1952. Victor Vasarely (French, 1908-1997). Oil on canvas; unframed: 92 x 59.8 cm (36 1/4 x 23 9/16 in.). The Cleveland Museum of Art, Contemporary Collection of The Cleveland Museum of Art 1965.427 © Artists Right Society (ARS), New York / ADAGP, Paris",3742,artist,"Victor Vasarely (French, 1908-1997)",17,Modern European Painting and Sculpture
142719,1966.435,Egg with Gold Stand and Easel and Photograph,"Egg with Gold Stand and Easel and Photograph , before 1896. Alexander Edward Tillander (Russian). Gold, enamel, sapphire, gold easel and stand, photograph covered with faceted green glass; The Cleveland Museum of Art, The India Early Minshall Collection 1966.435",8858,made by,Alexander Edward Tillander (Russian),5,Decorative Art and Design
142749,1966.455,Salt Cellar,"Salt Cellar, 1903-c.1915. Henrik Wigström (Russian, 1862-1923), firm of Peter Carl Fabergé (Russian, 1846-1920). Gold, jade, enamel, pearls; overall: 8.3 x 3.5 x 4.5 cm (3 1/4 x 1 3/8 x 1 3/4 in.). The Cleveland Museum of Art, The India Early Minshall Collection 1966.455",5366,artist,"Peter Carl Fabergé (Russian, 1846-1920)",5,Decorative Art and Design
142749,1966.455,Salt Cellar,"Salt Cellar, 1903-c.1915. Henrik Wigström (Russian, 1862-1923), firm of Peter Carl Fabergé (Russian, 1846-1920). Gold, jade, enamel, pearls; overall: 8.3 x 3.5 x 4.5 cm (3 1/4 x 1 3/8 x 1 3/4 in.). The Cleveland Museum of Art, The India Early Minshall Collection 1966.455",8891,fabricated by,"Henrik Wigström (Russian, 1862-1923)",5,Decorative Art and Design
142753,1966.458.1,Framed Miniature: Portrait of Czar Nicholas II,"Framed Miniature: Portrait of Czar Nicholas II, before 1896 . Firm of Peter Carl Fabergé (Russian, 1846-1920), Mikhail Evlampievich Perkhin (Russian, 1860-1903), Johannes Zehngraf (Russian, 1857-1908). Gold, jade, rubies, gouache, ivory, glass; overall: 15.3 x 5 x 5 cm (6 x 1 15/16 x 1 15/16 in.). The Cleveland Museum of Art, The India Early Minshall Collection 1966.458.1",5366,artist,"Peter Carl Fabergé (Russian, 1846-1920)",5,Decorative Art and Design
142753,1966.458.1,Framed Miniature: Portrait of Czar Nicholas II,"Framed Miniature: Portrait of Czar Nicholas II, before 1896 . Firm of Peter Carl Fabergé (Russian, 1846-1920), Mikhail Evlampievich Perkhin (Russian, 1860-1903), Johannes Zehngraf (Russian, 1857-1908). Gold, jade, rubies, gouache, ivory, glass; overall: 15.3 x 5 x 5 cm (6 x 1 15/16 x 1 15/16 in.). The Cleveland Museum of Art, The India Early Minshall Collection 1966.458.1",8914,fabricated by,"Mikhail Evlampievich Perkhin (Russian, 1860-1903)",5,Decorative Art and Design
142753,1966.458.1,Framed Miniature: Portrait of Czar Nicholas II,"Framed Miniature: Portrait of Czar Nicholas II, before 1896 . Firm of Peter Carl Fabergé (Russian, 1846-1920), Mikhail Evlampievich Perkhin (Russian, 1860-1903), Johannes Zehngraf (Russian, 1857-1908). Gold, jade, rubies, gouache, ivory, glass; overall: 15.3 x 5 x 5 cm (6 x 1 15/16 x 1 15/16 in.). The Cleveland Museum of Art, The India Early Minshall Collection 1966.458.1",8914,workmaster,"Mikhail Evlampievich Perkhin (Russian, 1860-1903)",5,Decorative Art and Design
142753,1966.458.1,Framed Miniature: Portrait of Czar Nicholas II,"Framed Miniature: Portrait of Czar Nicholas II, before 1896 . Firm of Peter Carl Fabergé (Russian, 1846-1920), Mikhail Evlampievich Perkhin (Russian, 1860-1903), Johannes Zehngraf (Russian, 1857-1908). Gold, jade, rubies, gouache, ivory, glass; overall: 15.3 x 5 x 5 cm (6 x 1 15/16 x 1 15/16 in.). The Cleveland Museum of Art, The India Early Minshall Collection 1966.458.1",8917,miniature painted by,"Johannes Zehngraf (Russian, 1857-1908)",5,Decorative Art and Design
142754,1966.458.2,Framed Miniature: Portrait of Grand Duchess Olga,"Framed Miniature: Portrait of Grand Duchess Olga, before 1896. Mikhail Evlampievich Perkhin (Russian, 1860-1903), firm of Peter Carl Fabergé (Russian, 1846-1920), Johannes Zehngraf (Russian, 1857-1908). Gold, rubies, diamonds, gouache, ivory, glass; overall: 15.3 x 5 x 5 cm (6 x 1 15/16 x 1 15/16 in.). The Cleveland Museum of Art, The India Early Minshall Collection 1966.458.2",5366,artist,"Peter Carl Fabergé (Russian, 1846-1920)",5,Decorative Art and Design
142754,1966.458.2,Framed Miniature: Portrait of Grand Duchess Olga,"Framed Miniature: Portrait of Grand Duchess Olga, before 1896. Mikhail Evlampievich Perkhin (Russian, 1860-1903), firm of Peter Carl Fabergé (Russian, 1846-1920), Johannes Zehngraf (Russian, 1857-1908). Gold, rubies, diamonds, gouache, ivory, glass; overall: 15.3 x 5 x 5 cm (6 x 1 15/16 x 1 15/16 in.). The Cleveland Museum of Art, The India Early Minshall Collection 1966.458.2",8914,fabricated by,"Mikhail Evlampievich Perkhin (Russian, 1860-1903)",5,Decorative Art and Design
142754,1966.458.2,Framed Miniature: Portrait of Grand Duchess Olga,"Framed Miniature: Portrait of Grand Duchess Olga, before 1896. Mikhail Evlampievich Perkhin (Russian, 1860-1903), firm of Peter Carl Fabergé (Russian, 1846-1920), Johannes Zehngraf (Russian, 1857-1908). Gold, rubies, diamonds, gouache, ivory, glass; overall: 15.3 x 5 x 5 cm (6 x 1 15/16 x 1 15/16 in.). The Cleveland Museum of Art, The India Early Minshall Collection 1966.458.2",8914,workmaster,"Mikhail Evlampievich Perkhin (Russian, 1860-1903)",5,Decorative Art and Design
142754,1966.458.2,Framed Miniature: Portrait of Grand Duchess Olga,"Framed Miniature: Portrait of Grand Duchess Olga, before 1896. Mikhail Evlampievich Perkhin (Russian, 1860-1903), firm of Peter Carl Fabergé (Russian, 1846-1920), Johannes Zehngraf (Russian, 1857-1908). Gold, rubies, diamonds, gouache, ivory, glass; overall: 15.3 x 5 x 5 cm (6 x 1 15/16 x 1 15/16 in.). The Cleveland Museum of Art, The India Early Minshall Collection 1966.458.2",8917,miniature painted by,"Johannes Zehngraf (Russian, 1857-1908)",5,Decorative Art and Design
142770,1966.474,Elephant Bell Push,"Elephant Bell Push, after 1903. Henrik Wigström (Russian, 1862-1923), firm of Peter Carl Fabergé (Russian, 1846-1920). Jade, gold, rubies, emeralds, diamonds, enamel; overall: 6.7 x 7.7 x 5.4 cm (2 5/8 x 3 1/16 x 2 1/8 in.). The Cleveland Museum of Art, The India Early Minshall Collection 1966.474",5366,artist,"Peter Carl Fabergé (Russian, 1846-1920)",5,Decorative Art and Design
142770,1966.474,Elephant Bell Push,"Elephant Bell Push, after 1903. Henrik Wigström (Russian, 1862-1923), firm of Peter Carl Fabergé (Russian, 1846-1920). Jade, gold, rubies, emeralds, diamonds, enamel; overall: 6.7 x 7.7 x 5.4 cm (2 5/8 x 3 1/16 x 2 1/8 in.). The Cleveland Museum of Art, The India Early Minshall Collection 1966.474",8891,fabricated by,"Henrik Wigström (Russian, 1862-1923)",5,Decorative Art and Design
142777,1966.479,Miniature Teapot,"Miniature Teapot, before 1896. Firm of Peter Carl Fabergé (Russian, 1846-1920), Mikhail Evlampievich Perkhin (Russian, 1860-1903). Jade, gold; overall: 5.8 x 10.9 cm (2 5/16 x 4 5/16 in.). The Cleveland Museum of Art, The India Early Minshall Collection 1966.479",5366,artist,"Peter Carl Fabergé (Russian, 1846-1920)",5,Decorative Art and Design
142777,1966.479,Miniature Teapot,"Miniature Teapot, before 1896. Firm of Peter Carl Fabergé (Russian, 1846-1920), Mikhail Evlampievich Perkhin (Russian, 1860-1903). Jade, gold; overall: 5.8 x 10.9 cm (2 5/16 x 4 5/16 in.). The Cleveland Museum of Art, The India Early Minshall Collection 1966.479",8914,fabricated by,"Mikhail Evlampievich Perkhin (Russian, 1860-1903)",5,Decorative Art and Design
142777,1966.479,Miniature Teapot,"Miniature Teapot, before 1896. Firm of Peter Carl Fabergé (Russian, 1846-1920), Mikhail Evlampievich Perkhin (Russian, 1860-1903). Jade, gold; overall: 5.8 x 10.9 cm (2 5/16 x 4 5/16 in.). The Cleveland Museum of Art, The India Early Minshall Collection 1966.479",8914,workmaster,"Mikhail Evlampievich Perkhin (Russian, 1860-1903)",5,Decorative Art and Design
142783,1966.482,Miniature Shoe,"Miniature Shoe, before 1903. Attributed to Mikhail Evlampievich Perkhin (Russian, 1860-1903), firm of Peter Carl Fabergé (Russian, 1846-1920). Bloodstone, gold, diamonds, silver; overall: 7.2 x 8.9 x 3.4 cm (2 13/16 x 3 1/2 x 1 5/16 in.). The Cleveland Museum of Art, The India Early Minshall Collection 1966.482",5366,artist,"Peter Carl Fabergé (Russian, 1846-1920)",5,Decorative Art and Design
142783,1966.482,Miniature Shoe,"Miniature Shoe, before 1903. Attributed to Mikhail Evlampievich Perkhin (Russian, 1860-1903), firm of Peter Carl Fabergé (Russian, 1846-1920). Bloodstone, gold, diamonds, silver; overall: 7.2 x 8.9 x 3.4 cm (2 13/16 x 3 1/2 x 1 5/16 in.). The Cleveland Museum of Art, The India Early Minshall Collection 1966.482",8914,fabricated by,"Mikhail Evlampievich Perkhin (Russian, 1860-1903)",5,Decorative Art and Design
142783,1966.482,Miniature Shoe,"Miniature Shoe, before 1903. Attributed to Mikhail Evlampievich Perkhin (Russian, 1860-1903), firm of Peter Carl Fabergé (Russian, 1846-1920). Bloodstone, gold, diamonds, silver; overall: 7.2 x 8.9 x 3.4 cm (2 13/16 x 3 1/2 x 1 5/16 in.). The Cleveland Museum of Art, The India Early Minshall Collection 1966.482",8914,workmaster,"Mikhail Evlampievich Perkhin (Russian, 1860-1903)",5,Decorative Art and Design
144215,1968.64.2,Putto,"Putto, late 1500s. Italy, Rome, 16th century. Gilt bronze; overall: 9.5 x 5 x 4.5 cm (3 3/4 x 1 15/16 x 1 3/4 in.). The Cleveland Museum of Art, Gift of William Mathewson Milliken in honor of Mr. and Mrs. Henry S. Francis 1968.64.2",,,,10,European Painting and Sculpture
144689,1969.31,Portraits of the Qianlong Emperor and His Twelve Consorts,"Portraits of the Qianlong Emperor and His Twelve Consorts, 1736 - c. 1770s. Giuseppe Castiglione (Italian, 1688-1766), and others (Chinese). Handscroll, ink and color on silk; overall: 53.8 x 1154.5 cm (21 3/16 x 454 1/2 in.); painting only: 53 x 688.3 cm (20 7/8 x 271 in.). The Cleveland Museum of Art, John L. Severance Fund 1969.31",27841,artist,"Giuseppe Castiglione (Italian, 1688-1766)",3,Chinese Art
144689,1969.31,Portraits of the Qianlong Emperor and His Twelve Consorts,"Portraits of the Qianlong Emperor and His Twelve Consorts, 1736 - c. 1770s. Giuseppe Castiglione (Italian, 1688-1766), and others (Chinese). Handscroll, ink and color on silk; overall: 53.8 x 1154.5 cm (21 3/16 x 454 1/2 in.); painting only: 53 x 688.3 cm (20 7/8 x 271 in.). The Cleveland Museum of Art, John L. Severance Fund 1969.31",64411,artist,others (Chinese),3,Chinese Art
144966,1970.16,Virgin and Child with the Young Saint John the Baptist,"Virgin and Child with the Young Saint John the Baptist, c. 1490. Sandro Botticelli (Italian, 1444/45-1510), and Workshop. Tempera and oil on wood; framed: 115 x 12.5 cm (45 1/4 x 4 15/16 in.); diameter: 68 cm (26 3/4 in.). The Cleveland Museum of Art, Leonard C. Hanna, Jr. Fund 1970.160",2053,artist,"Sandro Botticelli (Italian, 1444/45-1510)",16,Medieval Art
144966,1970.16,Virgin and Child with the Young Saint John the Baptist,"Virgin and Child with the Young Saint John the Baptist, c. 1490. Sandro Botticelli (Italian, 1444/45-1510), and Workshop. Tempera and oil on wood; framed: 115 x 12.5 cm (45 1/4 x 4 15/16 in.); diameter: 68 cm (26 3/4 in.). The Cleveland Museum of Art, Leonard C. Hanna, Jr. Fund 1970.160",34768,NULL,Workshop,16,Medieval Art
144966,1970.16,Virgin and Child with the Young Saint John the Baptist,"Virgin and Child with the Young Saint John the Baptist, c. 1490. Sandro Botticelli (Italian, 1444/45-1510), and Workshop. Tempera and oil on wood; framed: 115 x 12.5 cm (45 1/4 x 4 15/16 in.); diameter: 68 cm (26 3/4 in.). The Cleveland Museum of Art, Leonard C. Hanna, Jr. Fund 1970.160",34768,artist,Workshop,16,Medieval Art
145932,1971.141,Box,"Box, c. 1901. Liberty and Company (British), attributed to Rex Silver (British, 1879-1965). Silver and enamel; overall: 6.4 x 20.3 x 13 cm (2 1/2 x 8 x 5 1/8 in.). The Cleveland Museum of Art, Sundry Purchase Fund 1971.141",21535,manufacturer,Liberty and Company (British),5,Decorative Art and Design
145932,1971.141,Box,"Box, c. 1901. Liberty and Company (British), attributed to Rex Silver (British, 1879-1965). Silver and enamel; overall: 6.4 x 20.3 x 13 cm (2 1/2 x 8 x 5 1/8 in.). The Cleveland Museum of Art, Sundry Purchase Fund 1971.141",50806,,,5,Decorative Art and Design
146117,1971.301,"Krishna Returns with the Cowherds to Braj, from a Bhagavata Purana","Krishna Returns with the Cowherds to Braj, from a Bhagavata Purana, c. 1830. Northern India, Uttarakhand, probably Garhwal. Opaque watercolor on paper; overall: 22 x 33 cm (8 11/16 x 13 in.). The Cleveland Museum of Art, Gift of Mr. and Mrs. John D. MacDonald 1971.301",,,,12,Indian and South East Asian Art
146748,1972.188,Sauce Boat,"Sauce Boat, c. 1752. Possibly by Bristol Porcelain Factory (British), possibly by Worcester Porcelain Factory (British). Porcelain; overall: 10.9 cm (4 5/16 in.). The Cleveland Museum of Art, Bequest of Mrs. Everett R. Castle 1972.188",14375,made by,Worcester Porcelain Factory (British),5,Decorative Art and Design
146748,1972.188,Sauce Boat,"Sauce Boat, c. 1752. Possibly by Bristol Porcelain Factory (British), possibly by Worcester Porcelain Factory (British). Porcelain; overall: 10.9 cm (4 5/16 in.). The Cleveland Museum of Art, Bequest of Mrs. Everett R. Castle 1972.188",14385,made by,Bristol Porcelain Factory (British),5,Decorative Art and Design
147446,1973.184,Blacksmiths,"Blacksmiths, after 1887. Émile Jacque (French, 1848-1912). Oil on fabric; framed: 140 x 113.5 x 13.5 cm (55 1/8 x 44 11/16 x 5 5/16 in.); unframed: 116.4 x 89.9 cm (45 13/16 x 35 3/8 in.). The Cleveland Museum of Art, Mr. and Mrs. William H. Marlatt Fund 1973.184",1691,artist,"Émile Jacque (French, 1848-1912)",17,Modern European Painting and Sculpture
147906,1974.26,A Prunus in the Moonlight,"A Prunus in the Moonlight, 1300s. Wang Mian (Chinese, 1287-1359). Hanging scroll, ink on silk; painting: 164.6 x 94.6 cm (64 13/16 x 37 1/4 in.); overall: 260.6 x 116 cm (102 5/8 x 45 11/16 in.). The Cleveland Museum of Art, Leonard C. Hanna, Jr. Fund 1974.26",31445,artist,"Wang Mian (Chinese, 1287-1359)",3,Chinese Art
147935,1974.36,Noh Robe,"Noh Robe, late 17th century. Japan, Nuihaku Period. Embroidery, silk and applied gold leaf on silk ground; overall: 164 x 138 cm (64 9/16 x 54 5/16 in.). The Cleveland Museum of Art, Purchase from the J. H. Wade Fund 1974.36",,,,22,Textiles
148860,1976.97,"Pair of Paintings: The Colonnade of St. Peter's, Rome, during the Conclave and The Grotto of Posillipo","Pair of Paintings: The Colonnade of St. Peter's, Rome, during the Conclave and The Grotto of Posillipo, c.1769. Hubert Robert (French, 1733-1808). Oil on canvas; framed: 56 x 47.5 x 6 cm (22 1/16 x 18 11/16 x 2 3/8 in.); unframed: 42.6 x 33.4 cm (16 3/4 x 13 1/8 in.). The Cleveland Museum of Art, Mr. and Mrs. William H. Marlatt Fund 1976.97",1955,artist,"Hubert Robert (French, 1733-1808)",10,European Painting and Sculpture
148958,1977.116,The Curious One,"The Curious One, 1823. Antoine Pierre Mongin (French, 1761-1827). Oil on paper mounted to canvas; unframed: 43.5 x 34.6 cm (17 1/8 x 13 5/8 in.). The Cleveland Museum of Art, Gift of Mr. and Mrs. Noah L. Butkin 1977.116",1670,artist,"Antoine Pierre Mongin (French, 1761-1827)",17,Modern European Painting and Sculpture
149386,1978.43,Hand Mirror,"Hand Mirror, c. 1900. Designed by Félix Bracquemond (French, 1833-1914), relief by Auguste Rodin (French, 1840-1917), enamel by Alexander Riquet (French), goldsmith work by Alexis Falize (French, 1811-1898). Gold, enamel, and ivory; overall: 32.2 x 16.1 x 1.2 cm (12 11/16 x 6 5/16 x 1/2 in.). The Cleveland Museum of Art, Gift of Ralph King, by exchange 1978.43",13439,enamelist,Alexander Riquet (French),5,Decorative Art and Design
149386,1978.43,Hand Mirror,"Hand Mirror, c. 1900. Designed by Félix Bracquemond (French, 1833-1914), relief by Auguste Rodin (French, 1840-1917), enamel by Alexander Riquet (French), goldsmith work by Alexis Falize (French, 1811-1898). Gold, enamel, and ivory; overall: 32.2 x 16.1 x 1.2 cm (12 11/16 x 6 5/16 x 1/2 in.). The Cleveland Museum of Art, Gift of Ralph King, by exchange 1978.43",13631,goldsmith,"Alexis Falize (French, 1811-1898)",5,Decorative Art and Design
149386,1978.43,Hand Mirror,"Hand Mirror, c. 1900. Designed by Félix Bracquemond (French, 1833-1914), relief by Auguste Rodin (French, 1840-1917), enamel by Alexander Riquet (French), goldsmith work by Alexis Falize (French, 1811-1898). Gold, enamel, and ivory; overall: 32.2 x 16.1 x 1.2 cm (12 11/16 x 6 5/16 x 1/2 in.). The Cleveland Museum of Art, Gift of Ralph King, by exchange 1978.43",5538,designer,"Félix Bracquemond (French, 1833-1914)",5,Decorative Art and Design
149386,1978.43,Hand Mirror,"Hand Mirror, c. 1900. Designed by Félix Bracquemond (French, 1833-1914), relief by Auguste Rodin (French, 1840-1917), enamel by Alexander Riquet (French), goldsmith work by Alexis Falize (French, 1811-1898). Gold, enamel, and ivory; overall: 32.2 x 16.1 x 1.2 cm (12 11/16 x 6 5/16 x 1/2 in.). The Cleveland Museum of Art, Gift of Ralph King, by exchange 1978.43",5925,sculptor,"Auguste Rodin (French, 1840-1917)",5,Decorative Art and Design
150015,1980.231,Wild Boars in the Snow,"Wild Boars in the Snow, c. 1872-1877. Rosa Bonheur (French, 1822-1899). Oil on wood panel; unframed: 21 x 30.8 cm (8 1/4 x 12 1/8 in.). The Cleveland Museum of Art, Bequest of Noah L. Butkin 1980.231",1557,artist,"Rosa Bonheur (French, 1822-1899)",17,Modern European Painting and Sculpture
150046,1980.258,Expulsion of Adam and Eve,"Expulsion of Adam and Eve, 1880s. John Faed (Scottish, 1820-1902). Oil on fabric; unframed: 91.3 x 70.7 cm (35 15/16 x 27 13/16 in.). The Cleveland Museum of Art, Bequest of Noah L. Butkin 1980.258",2949,artist,"John Faed (Scottish, 1820-1902)",17,Modern European Painting and Sculpture
150156,1980.74,Tea Service,"Tea Service, c. 1907. Adrien-Aurélien Hebrard (French, 1866-1937), Carlo Bugatti (Italian, 1856-1940). Silver and ivory; The Cleveland Museum of Art, The Thomas L. Fawick Memorial Collection 1980.74",15830,designed by,"Carlo Bugatti (Italian, 1856-1940)",5,Decorative Art and Design
150156,1980.74,Tea Service,"Tea Service, c. 1907. Adrien-Aurélien Hebrard (French, 1866-1937), Carlo Bugatti (Italian, 1856-1940). Silver and ivory; The Cleveland Museum of Art, The Thomas L. Fawick Memorial Collection 1980.74",15830,executed by,"Carlo Bugatti (Italian, 1856-1940)",5,Decorative Art and Design
150156,1980.74,Tea Service,"Tea Service, c. 1907. Adrien-Aurélien Hebrard (French, 1866-1937), Carlo Bugatti (Italian, 1856-1940). Silver and ivory; The Cleveland Museum of Art, The Thomas L. Fawick Memorial Collection 1980.74",15899,artist,"Adrien-Aurélien Hebrard (French, 1866-1937)",5,Decorative Art and Design
150156,1980.74,Tea Service,"Tea Service, c. 1907. Adrien-Aurélien Hebrard (French, 1866-1937), Carlo Bugatti (Italian, 1856-1940). Silver and ivory; The Cleveland Museum of Art, The Thomas L. Fawick Memorial Collection 1980.74",15899,executed by,"Adrien-Aurélien Hebrard (French, 1866-1937)",5,Decorative Art and Design
152445,1985.272,Courtesan,"Courtesan, 19th century. Gion Seitoku (Japanese, 1781-1829?). Hanging scroll, pillar painting; ink and color paper; overall: 194.3 x 23.5 cm (76 1/2 x 9 1/4 in.); painting only: 126.5 x 13.3 cm (49 13/16 x 5 1/4 in.). The Cleveland Museum of Art, The Kelvin Smith Collection, given by Mrs. Kelvin Smith 1985.272",34749,artist,"Gion Seitoku (Japanese, 1781-1829?)",14,Japanese Art
152776,1985.57,"Bull Skull, Fruit, Pitcher","Bull Skull, Fruit, Pitcher, 1939. Pablo Picasso (Spanish, 1881-1973). Oil on canvas; framed: 85.7 x 117.2 x 7 cm (33 3/4 x 46 1/8 x 2 3/4 in.); unframed: 65 x 92 cm (25 9/16 x 36 1/4 in.). The Cleveland Museum of Art, Leonard C. Hanna, Jr. Fund 1985.57 © Estate of  Pablo Picasso / Artists Rights Society (ARS), New York",2160,artist,"Pablo Picasso (Spanish, 1881-1973)",17,Modern European Painting and Sculpture
153610,1987.14,"Sunflower, New Mexico, I","Sunflower, New Mexico, I, 1935. Georgia O'Keeffe (American, 1887-1986). Oil on canvas; framed: 53.3 x 43.2 x 3.8 cm (21 x 17 x 1 1/2 in.); unframed: 50.8 x 40.6 cm (20 x 16 in.). The Cleveland Museum of Art, Bequest of Georgia O'Keeffe 1987.140 © The Cleveland Museum of Art",3228,artist,"Georgia O'Keeffe (American, 1887-1986)",1,American Painting and Sculpture
154062,1988.18,Female Daoist Figure in Landscape,"Female Daoist Figure in Landscape, early 1500s. Koboku (Japanese). Hanging scroll; ink on paper; painting only: 44.5 x 27.9 cm (17 1/2 x 11 in.); including mounting: 27 x 44.4 cm (10 5/8 x 17 1/2 in.). The Cleveland Museum of Art, Leonard C. Hanna, Jr. Fund 1988.18",35390,artist,Koboku (Japanese),14,Japanese Art
154073,1988.19,Kasuga Mandala,"Kasuga Mandala, 1300s-1400s. Japan, Nanbokuchō period (1333-92) to Muromachi period (1392-1573). Hanging scroll; ink, color and gold on silk; image: 95.6 x 39.1 cm (37 5/8 x 15 3/8 in.); mounted: 184.2 x 63.8 cm (72 1/2 x 25 1/8 in.). The Cleveland Museum of Art, Leonard C. Hanna, Jr. Fund 1988.19",,,,14,Japanese Art
156112,1991.45,Table,"Table, c. 1907. Carlo Bugatti (Italian, 1856-1940). Inlaid wood (mahogany?), cast and gilded bronze mounts, inlays of ivory or bone, metal, and mother-of-pearl (marine mussels or pearl oysters); overall: 71.5 x 67.1 x 41.3 cm (28 1/8 x 26 7/16 x 16 1/4 in.). The Cleveland Museum of Art, Leonard C. Hanna, Jr. Fund 1991.45",15830,designed by,"Carlo Bugatti (Italian, 1856-1940)",5,Decorative Art and Design
156112,1991.45,Table,"Table, c. 1907. Carlo Bugatti (Italian, 1856-1940). Inlaid wood (mahogany?), cast and gilded bronze mounts, inlays of ivory or bone, metal, and mother-of-pearl (marine mussels or pearl oysters); overall: 71.5 x 67.1 x 41.3 cm (28 1/8 x 26 7/16 x 16 1/4 in.). The Cleveland Museum of Art, Leonard C. Hanna, Jr. Fund 1991.45",15830,executed by,"Carlo Bugatti (Italian, 1856-1940)",5,Decorative Art and Design
156113,1991.46,Salver,"Salver, c. 1907. Adrien-Aurélien Hebrard (French, 1866-1937), Carlo Bugatti (Italian, 1856-1940). Silver and ivory; overall: 14.6 x 33 cm (5 3/4 x 13 in.). The Cleveland Museum of Art, Leonard C. Hanna, Jr. Fund 1991.46",15830,designed by,"Carlo Bugatti (Italian, 1856-1940)",5,Decorative Art and Design
156113,1991.46,Salver,"Salver, c. 1907. Adrien-Aurélien Hebrard (French, 1866-1937), Carlo Bugatti (Italian, 1856-1940). Silver and ivory; overall: 14.6 x 33 cm (5 3/4 x 13 in.). The Cleveland Museum of Art, Leonard C. Hanna, Jr. Fund 1991.46",15830,executed by,"Carlo Bugatti (Italian, 1856-1940)",5,Decorative Art and Design
156113,1991.46,Salver,"Salver, c. 1907. Adrien-Aurélien Hebrard (French, 1866-1937), Carlo Bugatti (Italian, 1856-1940). Silver and ivory; overall: 14.6 x 33 cm (5 3/4 x 13 in.). The Cleveland Museum of Art, Leonard C. Hanna, Jr. Fund 1991.46",15899,artist,"Adrien-Aurélien Hebrard (French, 1866-1937)",5,Decorative Art and Design
156113,1991.46,Salver,"Salver, c. 1907. Adrien-Aurélien Hebrard (French, 1866-1937), Carlo Bugatti (Italian, 1856-1940). Silver and ivory; overall: 14.6 x 33 cm (5 3/4 x 13 in.). The Cleveland Museum of Art, Leonard C. Hanna, Jr. Fund 1991.46",15899,executed by,"Adrien-Aurélien Hebrard (French, 1866-1937)",5,Decorative Art and Design
156524,1992.235,"Colossol Monolith of Amenhotep III, Gournah","Égypte, Nubie, Palestine et Syrie. Dessins photographiques receuillis pendant les années 1849, 1850 et 1851 accompagnes d'un text explicatif et précédés d'une introduction par Maxime Du Camp: Colossol Monolith of Amenhotep III, Gournah, 1849-1851. Maxime Du Camp (French, 1822-1894), Gide et J. Baudry. Salted paper print from calotype negative, Blanquart-Évrard process; image: 19.5 x 16.5 cm (7 11/16 x 6 1/2 in.); matted: 45.7 x 35.6 cm (18 x 14 in.). The Cleveland Museum of Art, Andrew R. and Martha Holden Jennings Fund 1992.235",107,artist,"Maxime Du Camp (French, 1822-1894)",20,Photography
156524,1992.235,"Colossol Monolith of Amenhotep III, Gournah","Égypte, Nubie, Palestine et Syrie. Dessins photographiques receuillis pendant les années 1849, 1850 et 1851 accompagnes d'un text explicatif et précédés d'une introduction par Maxime Du Camp: Colossol Monolith of Amenhotep III, Gournah, 1849-1851. Maxime Du Camp (French, 1822-1894), Gide et J. Baudry. Salted paper print from calotype negative, Blanquart-Évrard process; image: 19.5 x 16.5 cm (7 11/16 x 6 1/2 in.); matted: 45.7 x 35.6 cm (18 x 14 in.). The Cleveland Museum of Art, Andrew R. and Martha Holden Jennings Fund 1992.235",68120,published by,Gide et J. Baudry,20,Photography
159457,1996.233,Large Head,"Large Head, 1993. Lucien Freud (British, 1922-2011), published by Matthew Marks Gallery. Etching with scraping and burnishing; sheet: 79.3 x 63.4 cm (31 1/4 x 24 15/16 in.); platemark: 69.5 x 54.5 cm (27 3/8 x 21 7/16 in.). The Cleveland Museum of Art, John L. Severance Fund 1996.233",1444,artist,"Lucien Freud (British, 1922-2011)",21,Prints
159457,1996.233,Large Head,"Large Head, 1993. Lucien Freud (British, 1922-2011), published by Matthew Marks Gallery. Etching with scraping and burnishing; sheet: 79.3 x 63.4 cm (31 1/4 x 24 15/16 in.); platemark: 69.5 x 54.5 cm (27 3/8 x 21 7/16 in.). The Cleveland Museum of Art, John L. Severance Fund 1996.233",319838,printer,Studio Prints,21,Prints
159457,1996.233,Large Head,"Large Head, 1993. Lucien Freud (British, 1922-2011), published by Matthew Marks Gallery. Etching with scraping and burnishing; sheet: 79.3 x 63.4 cm (31 1/4 x 24 15/16 in.); platemark: 69.5 x 54.5 cm (27 3/8 x 21 7/16 in.). The Cleveland Museum of Art, John L. Severance Fund 1996.233",68627,publisher,Matthew Marks Gallery,21,Prints
159976,1997.246,Marilyn x 100,"Marilyn x 100, 1962. Andy Warhol (American, 1928-1987). Screenprint ink and synthetic polymer paint on canvas; framed: 210.2 x 573.2 x 6.4 cm (82 3/4 x 225 11/16 x 2 1/2 in.); unframed: 205.7 x 567.7 cm (81 x 223 1/2 in.). The Cleveland Museum of Art, Leonard C. Hanna, Jr. Fund, and Anonymous Gift 1997.246 © The Andy Warhol Foundation for the Visual Arts, Inc. / Licensed by Artists Rights Society (ARS), New York",3748,artist,"Andy Warhol (American, 1928-1987)",4,Contemporary Art
160723,1998.78,Eighteen Views of Huzhou,"Eighteen Views of Huzhou, 1500s. Song Xu (Chinese, 1525-c. 1606). Album; ink and color on silk; overall: 26.4 x 28.4 cm (10 3/8 x 11 3/16 in.). The Cleveland Museum of Art, The Severance and Greta Millikin Purchase Fund 1998.78",22954,artist,"Song Xu (Chinese, 1525-c. 1606)",3,Chinese Art
160724,1998.78.1,Xintang (Immortal's Peak),"Eighteen Views of Huzhou: Xintang (Immortal's Peak), 1500s. Song Xu (Chinese, 1525-c. 1606). Album; ink and color on silk; sheet: 26.4 x 28.4 cm (10 3/8 x 11 3/16 in.). The Cleveland Museum of Art, The Severance and Greta Millikin Purchase Fund 1998.78.1",22954,artist,"Song Xu (Chinese, 1525-c. 1606)",3,Chinese Art
160725,1998.78.10,Mt. Shenchang,"Eighteen Views of Huzhou: Mt. Shenchang, 1500s. Song Xu (Chinese, 1525-c. 1606). Album; ink and color on silk; sheet: 26.4 x 28.4 cm (10 3/8 x 11 3/16 in.). The Cleveland Museum of Art, The Severance and Greta Millikin Purchase Fund 1998.78.10",22954,artist,"Song Xu (Chinese, 1525-c. 1606)",3,Chinese Art
160726,1998.78.11,Guiyun Shrine,"Eighteen Views of Huzhou: Guiyun Shrine, 1500s. Song Xu (Chinese, 1525-c. 1606). Album; ink and color on silk; sheet: 26.4 x 28.4 cm (10 3/8 x 11 3/16 in.). The Cleveland Museum of Art, The Severance and Greta Millikin Purchase Fund 1998.78.11",22954,artist,"Song Xu (Chinese, 1525-c. 1606)",3,Chinese Art
160727,1998.78.12,Xianding (Immortal's Peak),"Eighteen Views of Huzhou: Xianding (Immortal's Peak), 1500s. Song Xu (Chinese, 1525-c. 1606). Album; ink and color on silk; sheet: 26.4 x 28.4 cm (10 3/8 x 11 3/16 in.). The Cleveland Museum of Art, The Severance and Greta Millikin Purchase Fund 1998.78.12",22954,artist,"Song Xu (Chinese, 1525-c. 1606)",3,Chinese Art
160728,1998.78.13,Mt. Daochang,"Eighteen Views of Huzhou: Mt. Daochang, 1500s. Song Xu (Chinese, 1525-c. 1606). Album; ink and color on silk; sheet: 26.4 x 28.4 cm (10 3/8 x 11 3/16 in.). The Cleveland Museum of Art, The Severance and Greta Millikin Purchase Fund 1998.78.13",22954,artist,"Song Xu (Chinese, 1525-c. 1606)",3,Chinese Art
160729,1998.78.14,Baoyang Lake,"Eighteen Views of Huzhou: Baoyang Lake, 1500s. Song Xu (Chinese, 1525-c. 1606). Album; ink and color on silk; sheet: 26.4 x 28.4 cm (10 3/8 x 11 3/16 in.). The Cleveland Museum of Art, The Severance and Greta Millikin Purchase Fund 1998.78.14",22954,artist,"Song Xu (Chinese, 1525-c. 1606)",3,Chinese Art
160730,1998.78.15,Lüshan Hui,"Eighteen Views of Huzhou: Lüshan Hui, 1500s. Song Xu (Chinese, 1525-c. 1606). Album; ink and color on silk; sheet: 26.4 x 28.4 cm (10 3/8 x 11 3/16 in.). The Cleveland Museum of Art, The Severance and Greta Millikin Purchase Fund 1998.78.15",22954,artist,"Song Xu (Chinese, 1525-c. 1606)",3,Chinese Art
160731,1998.78.16,Mt. Changchao,"Eighteen Views of Huzhou: Mt. Changchao, 1500s. Song Xu (Chinese, 1525-c. 1606). Album; ink and color on silk; sheet: 26.4 x 28.4 cm (10 3/8 x 11 3/16 in.). The Cleveland Museum of Art, The Severance and Greta Millikin Purchase Fund 1998.78.16",22954,artist,"Song Xu (Chinese, 1525-c. 1606)",3,Chinese Art
160732,1998.78.17,Bilang Lake,"Eighteen Views of Huzhou: Bilang Lake, 1500s. Song Xu (Chinese, 1525-c. 1606). Album; ink and color on silk; sheet: 26.4 x 28.4 cm (10 3/8 x 11 3/16 in.). The Cleveland Museum of Art, The Severance and Greta Millikin Purchase Fund 1998.78.17",22954,artist,"Song Xu (Chinese, 1525-c. 1606)",3,Chinese Art
160733,1998.78.18,Eighteen Views of Wuxing: Xiaomei,"Eighteen Views of Huzhou: Eighteen Views of Wuxing: Xiaomei, 1500s. Song Xu (Chinese, 1525-c. 1606). Album; ink and color on silk; sheet: 26.4 x 28.4 cm (10 3/8 x 11 3/16 in.). The Cleveland Museum of Art, The Severance and Greta Millikin Purchase Fund 1998.78.18",22954,artist,"Song Xu (Chinese, 1525-c. 1606)",3,Chinese Art
160734,1998.78.2,Mt. Fenghuang (Mt. Phoenix),"Eighteen Views of Huzhou: Mt. Fenghuang (Mt. Phoenix), 1500s. Song Xu (Chinese, 1525-c. 1606). Album; ink and color on silk; sheet: 26.4 x 28.4 cm (10 3/8 x 11 3/16 in.). The Cleveland Museum of Art, The Severance and Greta Millikin Purchase Fund 1998.78.2",22954,artist,"Song Xu (Chinese, 1525-c. 1606)",3,Chinese Art
160735,1998.78.3,Mt. Wuzhan,"Eighteen Views of Huzhou: Mt. Wuzhan, 1500s. Song Xu (Chinese, 1525-c. 1606). Album; ink and color on silk; sheet: 26.4 x 28.4 cm (10 3/8 x 11 3/16 in.). The Cleveland Museum of Art, The Severance and Greta Millikin Purchase Fund 1998.78.3",22954,artist,"Song Xu (Chinese, 1525-c. 1606)",3,Chinese Art
160736,1998.78.4,Mt. Biyan (Green Cliff),"Eighteen Views of Huzhou: Mt. Biyan (Green Cliff), 1500s. Song Xu (Chinese, 1525-c. 1606). Album; ink and color on silk; sheet: 26.4 x 28.4 cm (10 3/8 x 11 3/16 in.). The Cleveland Museum of Art, The Severance and Greta Millikin Purchase Fund 1998.78.4",22954,artist,"Song Xu (Chinese, 1525-c. 1606)",3,Chinese Art
160737,1998.78.5,Mt. Dong (Grotto Mountain),"Eighteen Views of Huzhou: Mt. Dong (Grotto Mountain), 1500s. Song Xu (Chinese, 1525-c. 1606). Album; ink and color on silk; sheet: 26.4 x 28.4 cm (10 3/8 x 11 3/16 in.). The Cleveland Museum of Art, The Severance and Greta Millikin Purchase Fund 1998.78.5",22954,artist,"Song Xu (Chinese, 1525-c. 1606)",3,Chinese Art
160738,1998.78.6,Yutai Peak (Jade Terrace Peak),"Eighteen Views of Huzhou: Yutai Peak (Jade Terrace Peak), 1500s. Song Xu (Chinese, 1525-c. 1606). Album; ink and color on silk; sheet: 26.4 x 28.4 cm (10 3/8 x 11 3/16 in.). The Cleveland Museum of Art, The Severance and Greta Millikin Purchase Fund 1998.78.6",22954,artist,"Song Xu (Chinese, 1525-c. 1606)",3,Chinese Art
160739,1998.78.7,Huanglong Cave (Yellow Dragon Cave),"Eighteen Views of Huzhou: Huanglong Cave (Yellow Dragon Cave), 1500s. Song Xu (Chinese, 1525-c. 1606). Album; ink and color on silk; sheet: 26.4 x 28.4 cm (10 3/8 x 11 3/16 in.). The Cleveland Museum of Art, The Severance and Greta Millikin Purchase Fund 1998.78.7",22954,artist,"Song Xu (Chinese, 1525-c. 1606)",3,Chinese Art
160740,1998.78.8,Fushan Monastery,"Eighteen Views of Huzhou: Fushan Monastery, 1500s. Song Xu (Chinese, 1525-c. 1606). Album; ink and color on silk; sheet: 26.4 x 28.4 cm (10 3/8 x 11 3/16 in.). The Cleveland Museum of Art, The Severance and Greta Millikin Purchase Fund 1998.78.8",22954,artist,"Song Xu (Chinese, 1525-c. 1606)",3,Chinese Art
160741,1998.78.9,Hexi,"Eighteen Views of Huzhou: Hexi, 1500s. Song Xu (Chinese, 1525-c. 1606). Album; ink and color on silk; sheet: 26.4 x 28.4 cm (10 3/8 x 11 3/16 in.). The Cleveland Museum of Art, The Severance and Greta Millikin Purchase Fund 1998.78.9",22954,artist,"Song Xu (Chinese, 1525-c. 1606)",3,Chinese Art
163361,2004.18,Peru 297,"Peru 297, 1983. Aaron Siskind (American, 1903-1991). Gelatin silver print; image: 25.5 x 24.8 cm (10 1/16 x 9 3/4 in.); paper: 35.4 x 27.7 cm (13 15/16 x 10 7/8 in.); matted: 50.8 x 40.6 cm (20 x 16 in.). The Cleveland Museum of Art, Gift of Friends of Photography 2004.18 © Aaron Siskind Foundation",912,artist,"Aaron Siskind (American, 1903-1991)",20,Photography
163645,2005.144,White and Steel Polars,"White and Steel Polars, 1945. Theodore Roszak. Painted wood, steel, iron, and Plexiglas; overall: 271.8 x 40.6 x 40.6 cm (107 x 16 x 16 in.). The Cleveland Museum of Art, Leonard C. Hanna, Jr. Fund 2005.144 © Estate of Theodore Roszak/Licensed by VAGA, New York, NY",14356,artist,Theodore Roszak,1,American Painting and Sculpture
166211,2008.152,Pipe,"Pipe, early to mid 1900s. Central Africa, Democratic Republic of the Congo, Luluwa people or Luntu, 20th century. Wood, metal; overall: 25 cm (9 13/16 in.). The Cleveland Museum of Art, Jo Hershey Selden Fund 2008.152",,,,0,African Art
168719,2010.426,Interior,"Interior, 1972. Richard Artschwager (American, 1923-2013), Brooke Alexander, Inc.. Screenprint; sheet: 83 x 116.8 cm (32 11/16 x 46 in.); left: 71.9 x 49.6 cm (28 5/16 x 19 1/2 in.); right: 71.6 x 49.7 cm (28 3/16 x 19 9/16 in.). The Cleveland Museum of Art, Gift of The Print Club of Cleveland 2010.426 © Richard Artschwager / Artists Rights Society (ARS), New York",57407,artist,"Richard Artschwager (American, 1923-2013)",21,Prints
168719,2010.426,Interior,"Interior, 1972. Richard Artschwager (American, 1923-2013), Brooke Alexander, Inc.. Screenprint; sheet: 83 x 116.8 cm (32 11/16 x 46 in.); left: 71.9 x 49.6 cm (28 5/16 x 19 1/2 in.); right: 71.6 x 49.7 cm (28 3/16 x 19 9/16 in.). The Cleveland Museum of Art, Gift of The Print Club of Cleveland 2010.426 © Richard Artschwager / Artists Rights Society (ARS), New York",67538,published by,"Brooke Alexander, Inc.",21,Prints
169498,2011.329,"Moray, Peru","Moray, Peru, 1989. Marilyn Bridges (American, 1948-). Gelatin silver print; paper: 28 x 35.6 cm (11 x 14 in.); matted: 45.7 x 55.9 cm (18 x 22 in.); mask: 45.7 x 55.9 cm (18 x 22 in.). The Cleveland Museum of Art, Gift of Dr. Stephen Nicholas 2011.329",61830,artist,"Marilyn Bridges (American, 1948-)",20,Photography
169719,2011.502,Legacy B (diptych),"Legacy B (diptych), 2001. Phyllis Seltzer (American, 1928-), assisted by Zoya Trofimova (American, 1950-). Electrostatic copier and heat transfer; right image: 70.8 x 70 cm (27 7/8 x 27 9/16 in.); left image: 70.8 x 70 cm (27 7/8 x 27 9/16 in.). The Cleveland Museum of Art, Gift of Dr. Gerard and Phyllis Seltzer in memory of Elizabeth and Robert Cavano 2011.502",30426,artist,"Phyllis Seltzer (American, 1928-)",21,Prints
169719,2011.502,Legacy B (diptych),"Legacy B (diptych), 2001. Phyllis Seltzer (American, 1928-), assisted by Zoya Trofimova (American, 1950-). Electrostatic copier and heat transfer; right image: 70.8 x 70 cm (27 7/8 x 27 9/16 in.); left image: 70.8 x 70 cm (27 7/8 x 27 9/16 in.). The Cleveland Museum of Art, Gift of Dr. Gerard and Phyllis Seltzer in memory of Elizabeth and Robert Cavano 2011.502",56616,artist,"Zoya Trofimova (American, 1950-)",21,Prints
170817,2013.315,"Folios A and B from the ""Five Treasures"" (Panj Ganj) of Jami","Folios A and B from the ""Five Treasures"" (Panj Ganj) of Jami, 1520-1607. Mushfiq (Indian), and others (Indian). Ink, opaque watercolor and gold on paper, both folios double-sided with text on verso; page: 30.2 x 18.1 cm (11 7/8 x 7 1/8 in.). The Cleveland Museum of Art, Gift in honor of Madeline Neves Clapp; Gift of Mrs. Henry White Cannon by exchange; Bequest of Louise T. Cooper; Leonard C. Hanna Jr. Fund; From the Catherine and Ralph Benkaim Collection 2013.315",317607,artist,others (Indian),12,Indian and South East Asian Art
170817,2013.315,"Folios A and B from the ""Five Treasures"" (Panj Ganj) of Jami","Folios A and B from the ""Five Treasures"" (Panj Ganj) of Jami, 1520-1607. Mushfiq (Indian), and others (Indian). Ink, opaque watercolor and gold on paper, both folios double-sided with text on verso; page: 30.2 x 18.1 cm (11 7/8 x 7 1/8 in.). The Cleveland Museum of Art, Gift in honor of Madeline Neves Clapp; Gift of Mrs. Henry White Cannon by exchange; Bequest of Louise T. Cooper; Leonard C. Hanna Jr. Fund; From the Catherine and Ralph Benkaim Collection 2013.315",63517,artist,Mushfiq (Indian),12,Indian and South East Asian Art
172441,2015.104,Artists' Impressions,"Artists' Impressions, 1992-93. Christopher Brown (American, 1951-), Clinton Adams (American, 1918-2002), David Row (American, 1949-), Edward Ruscha (American, 1937-), Garo Zareh Antreasian (American, 1922-), Gendron Lloyd Jensen (American, 1939-), George McNeil (American, 1908-1995), Hollis Sigler (American, 1948-2001), Italo Scanga (American, 1932-2001), James Drake (American, 1946-), James Granberry Davis (American, 1931-), Jaune Quick-to-See Smith (American, 1940-), John Beerman (American, b. 1958), Joy Laville (American, 1923-), June Wayne (American, 1918-2011), Larry Brown (American, b. 1942), Margo Humphrey (American, 1942-), Mary Ristow (American, 1953-), Robert Colescott (American, 1925-2009), Roberto Juarez (American, 1952-), Squeak Carnwath (American, 1947-), Steven Sorman, Walter Miller Askin (American, 1929-), William Brice (American, 1921-2008), published by Printed at Tamarind Institute, University of New Mexico, Albuquerque, NM. Portfolio of 24 lithographs by 24 artists; The Cleveland Museum of Art, Gift of Linda and Jack Lissauer in honor of Director William M. Griswold 2015.104",10422,artist,"Robert Colescott (American, 1925-2009)",21,Prints
172441,2015.104,Artists' Impressions,"Artists' Impressions, 1992-93. Christopher Brown (American, 1951-), Clinton Adams (American, 1918-2002), David Row (American, 1949-), Edward Ruscha (American, 1937-), Garo Zareh Antreasian (American, 1922-), Gendron Lloyd Jensen (American, 1939-), George McNeil (American, 1908-1995), Hollis Sigler (American, 1948-2001), Italo Scanga (American, 1932-2001), James Drake (American, 1946-), James Granberry Davis (American, 1931-), Jaune Quick-to-See Smith (American, 1940-), John Beerman (American, b. 1958), Joy Laville (American, 1923-), June Wayne (American, 1918-2011), Larry Brown (American, b. 1942), Margo Humphrey (American, 1942-), Mary Ristow (American, 1953-), Robert Colescott (American, 1925-2009), Roberto Juarez (American, 1952-), Squeak Carnwath (American, 1947-), Steven Sorman, Walter Miller Askin (American, 1929-), William Brice (American, 1921-2008), published by Printed at Tamarind Institute, University of New Mexico, Albuquerque, NM. Portfolio of 24 lithographs by 24 artists; The Cleveland Museum of Art, Gift of Linda and Jack Lissauer in honor of Director William M. Griswold 2015.104",27028,artist,"Edward Ruscha (American, 1937-)",21,Prints
172441,2015.104,Artists' Impressions,"Artists' Impressions, 1992-93. Christopher Brown (American, 1951-), Clinton Adams (American, 1918-2002), David Row (American, 1949-), Edward Ruscha (American, 1937-), Garo Zareh Antreasian (American, 1922-), Gendron Lloyd Jensen (American, 1939-), George McNeil (American, 1908-1995), Hollis Sigler (American, 1948-2001), Italo Scanga (American, 1932-2001), James Drake (American, 1946-), James Granberry Davis (American, 1931-), Jaune Quick-to-See Smith (American, 1940-), John Beerman (American, b. 1958), Joy Laville (American, 1923-), June Wayne (American, 1918-2011), Larry Brown (American, b. 1942), Margo Humphrey (American, 1942-), Mary Ristow (American, 1953-), Robert Colescott (American, 1925-2009), Roberto Juarez (American, 1952-), Squeak Carnwath (American, 1947-), Steven Sorman, Walter Miller Askin (American, 1929-), William Brice (American, 1921-2008), published by Printed at Tamarind Institute, University of New Mexico, Albuquerque, NM. Portfolio of 24 lithographs by 24 artists; The Cleveland Museum of Art, Gift of Linda and Jack Lissauer in honor of Director William M. Griswold 2015.104",29972,artist,"Garo Zareh Antreasian (American, 1922-)",21,Prints
172441,2015.104,Artists' Impressions,"Artists' Impressions, 1992-93. Christopher Brown (American, 1951-), Clinton Adams (American, 1918-2002), David Row (American, 1949-), Edward Ruscha (American, 1937-), Garo Zareh Antreasian (American, 1922-), Gendron Lloyd Jensen (American, 1939-), George McNeil (American, 1908-1995), Hollis Sigler (American, 1948-2001), Italo Scanga (American, 1932-2001), James Drake (American, 1946-), James Granberry Davis (American, 1931-), Jaune Quick-to-See Smith (American, 1940-), John Beerman (American, b. 1958), Joy Laville (American, 1923-), June Wayne (American, 1918-2011), Larry Brown (American, b. 1942), Margo Humphrey (American, 1942-), Mary Ristow (American, 1953-), Robert Colescott (American, 1925-2009), Roberto Juarez (American, 1952-), Squeak Carnwath (American, 1947-), Steven Sorman, Walter Miller Askin (American, 1929-), William Brice (American, 1921-2008), published by Printed at Tamarind Institute, University of New Mexico, Albuquerque, NM. Portfolio of 24 lithographs by 24 artists; The Cleveland Museum of Art, Gift of Linda and Jack Lissauer in honor of Director William M. Griswold 2015.104",30047,artist,"James Granberry Davis (American, 1931-)",21,Prints
172441,2015.104,Artists' Impressions,"Artists' Impressions, 1992-93. Christopher Brown (American, 1951-), Clinton Adams (American, 1918-2002), David Row (American, 1949-), Edward Ruscha (American, 1937-), Garo Zareh Antreasian (American, 1922-), Gendron Lloyd Jensen (American, 1939-), George McNeil (American, 1908-1995), Hollis Sigler (American, 1948-2001), Italo Scanga (American, 1932-2001), James Drake (American, 1946-), James Granberry Davis (American, 1931-), Jaune Quick-to-See Smith (American, 1940-), John Beerman (American, b. 1958), Joy Laville (American, 1923-), June Wayne (American, 1918-2011), Larry Brown (American, b. 1942), Margo Humphrey (American, 1942-), Mary Ristow (American, 1953-), Robert Colescott (American, 1925-2009), Roberto Juarez (American, 1952-), Squeak Carnwath (American, 1947-), Steven Sorman, Walter Miller Askin (American, 1929-), William Brice (American, 1921-2008), published by Printed at Tamarind Institute, University of New Mexico, Albuquerque, NM. Portfolio of 24 lithographs by 24 artists; The Cleveland Museum of Art, Gift of Linda and Jack Lissauer in honor of Director William M. Griswold 2015.104",30234,artist,"John Beerman (American, b. 1958)",21,Prints
172441,2015.104,Artists' Impressions,"Artists' Impressions, 1992-93. Christopher Brown (American, 1951-), Clinton Adams (American, 1918-2002), David Row (American, 1949-), Edward Ruscha (American, 1937-), Garo Zareh Antreasian (American, 1922-), Gendron Lloyd Jensen (American, 1939-), George McNeil (American, 1908-1995), Hollis Sigler (American, 1948-2001), Italo Scanga (American, 1932-2001), James Drake (American, 1946-), James Granberry Davis (American, 1931-), Jaune Quick-to-See Smith (American, 1940-), John Beerman (American, b. 1958), Joy Laville (American, 1923-), June Wayne (American, 1918-2011), Larry Brown (American, b. 1942), Margo Humphrey (American, 1942-), Mary Ristow (American, 1953-), Robert Colescott (American, 1925-2009), Roberto Juarez (American, 1952-), Squeak Carnwath (American, 1947-), Steven Sorman, Walter Miller Askin (American, 1929-), William Brice (American, 1921-2008), published by Printed at Tamarind Institute, University of New Mexico, Albuquerque, NM. Portfolio of 24 lithographs by 24 artists; The Cleveland Museum of Art, Gift of Linda and Jack Lissauer in honor of Director William M. Griswold 2015.104",33640,artist,"Christopher Brown (American, 1951-)",21,Prints
172441,2015.104,Artists' Impressions,"Artists' Impressions, 1992-93. Christopher Brown (American, 1951-), Clinton Adams (American, 1918-2002), David Row (American, 1949-), Edward Ruscha (American, 1937-), Garo Zareh Antreasian (American, 1922-), Gendron Lloyd Jensen (American, 1939-), George McNeil (American, 1908-1995), Hollis Sigler (American, 1948-2001), Italo Scanga (American, 1932-2001), James Drake (American, 1946-), James Granberry Davis (American, 1931-), Jaune Quick-to-See Smith (American, 1940-), John Beerman (American, b. 1958), Joy Laville (American, 1923-), June Wayne (American, 1918-2011), Larry Brown (American, b. 1942), Margo Humphrey (American, 1942-), Mary Ristow (American, 1953-), Robert Colescott (American, 1925-2009), Roberto Juarez (American, 1952-), Squeak Carnwath (American, 1947-), Steven Sorman, Walter Miller Askin (American, 1929-), William Brice (American, 1921-2008), published by Printed at Tamarind Institute, University of New Mexico, Albuquerque, NM. Portfolio of 24 lithographs by 24 artists; The Cleveland Museum of Art, Gift of Linda and Jack Lissauer in honor of Director William M. Griswold 2015.104",33936,artist,"David Row (American, 1949-)",21,Prints
172441,2015.104,Artists' Impressions,"Artists' Impressions, 1992-93. Christopher Brown (American, 1951-), Clinton Adams (American, 1918-2002), David Row (American, 1949-), Edward Ruscha (American, 1937-), Garo Zareh Antreasian (American, 1922-), Gendron Lloyd Jensen (American, 1939-), George McNeil (American, 1908-1995), Hollis Sigler (American, 1948-2001), Italo Scanga (American, 1932-2001), James Drake (American, 1946-), James Granberry Davis (American, 1931-), Jaune Quick-to-See Smith (American, 1940-), John Beerman (American, b. 1958), Joy Laville (American, 1923-), June Wayne (American, 1918-2011), Larry Brown (American, b. 1942), Margo Humphrey (American, 1942-), Mary Ristow (American, 1953-), Robert Colescott (American, 1925-2009), Roberto Juarez (American, 1952-), Squeak Carnwath (American, 1947-), Steven Sorman, Walter Miller Askin (American, 1929-), William Brice (American, 1921-2008), published by Printed at Tamarind Institute, University of New Mexico, Albuquerque, NM. Portfolio of 24 lithographs by 24 artists; The Cleveland Museum of Art, Gift of Linda and Jack Lissauer in honor of Director William M. Griswold 2015.104",43150,artist,"Clinton Adams (American, 1918-2002)",21,Prints
172441,2015.104,Artists' Impressions,"Artists' Impressions, 1992-93. Christopher Brown (American, 1951-), Clinton Adams (American, 1918-2002), David Row (American, 1949-), Edward Ruscha (American, 1937-), Garo Zareh Antreasian (American, 1922-), Gendron Lloyd Jensen (American, 1939-), George McNeil (American, 1908-1995), Hollis Sigler (American, 1948-2001), Italo Scanga (American, 1932-2001), James Drake (American, 1946-), James Granberry Davis (American, 1931-), Jaune Quick-to-See Smith (American, 1940-), John Beerman (American, b. 1958), Joy Laville (American, 1923-), June Wayne (American, 1918-2011), Larry Brown (American, b. 1942), Margo Humphrey (American, 1942-), Mary Ristow (American, 1953-), Robert Colescott (American, 1925-2009), Roberto Juarez (American, 1952-), Squeak Carnwath (American, 1947-), Steven Sorman, Walter Miller Askin (American, 1929-), William Brice (American, 1921-2008), published by Printed at Tamarind Institute, University of New Mexico, Albuquerque, NM. Portfolio of 24 lithographs by 24 artists; The Cleveland Museum of Art, Gift of Linda and Jack Lissauer in honor of Director William M. Griswold 2015.104",4924,artist,"Italo Scanga (American, 1932-2001)",21,Prints
172441,2015.104,Artists' Impressions,"Artists' Impressions, 1992-93. Christopher Brown (American, 1951-), Clinton Adams (American, 1918-2002), David Row (American, 1949-), Edward Ruscha (American, 1937-), Garo Zareh Antreasian (American, 1922-), Gendron Lloyd Jensen (American, 1939-), George McNeil (American, 1908-1995), Hollis Sigler (American, 1948-2001), Italo Scanga (American, 1932-2001), James Drake (American, 1946-), James Granberry Davis (American, 1931-), Jaune Quick-to-See Smith (American, 1940-), John Beerman (American, b. 1958), Joy Laville (American, 1923-), June Wayne (American, 1918-2011), Larry Brown (American, b. 1942), Margo Humphrey (American, 1942-), Mary Ristow (American, 1953-), Robert Colescott (American, 1925-2009), Roberto Juarez (American, 1952-), Squeak Carnwath (American, 1947-), Steven Sorman, Walter Miller Askin (American, 1929-), William Brice (American, 1921-2008), published by Printed at Tamarind Institute, University of New Mexico, Albuquerque, NM. Portfolio of 24 lithographs by 24 artists; The Cleveland Museum of Art, Gift of Linda and Jack Lissauer in honor of Director William M. Griswold 2015.104",51819,artist,Steven Sorman,21,Prints
172441,2015.104,Artists' Impressions,"Artists' Impressions, 1992-93. Christopher Brown (American, 1951-), Clinton Adams (American, 1918-2002), David Row (American, 1949-), Edward Ruscha (American, 1937-), Garo Zareh Antreasian (American, 1922-), Gendron Lloyd Jensen (American, 1939-), George McNeil (American, 1908-1995), Hollis Sigler (American, 1948-2001), Italo Scanga (American, 1932-2001), James Drake (American, 1946-), James Granberry Davis (American, 1931-), Jaune Quick-to-See Smith (American, 1940-), John Beerman (American, b. 1958), Joy Laville (American, 1923-), June Wayne (American, 1918-2011), Larry Brown (American, b. 1942), Margo Humphrey (American, 1942-), Mary Ristow (American, 1953-), Robert Colescott (American, 1925-2009), Roberto Juarez (American, 1952-), Squeak Carnwath (American, 1947-), Steven Sorman, Walter Miller Askin (American, 1929-), William Brice (American, 1921-2008), published by Printed at Tamarind Institute, University of New Mexico, Albuquerque, NM. Portfolio of 24 lithographs by 24 artists; The Cleveland Museum of Art, Gift of Linda and Jack Lissauer in honor of Director William M. Griswold 2015.104",61513,artist,"Gendron Lloyd Jensen (American, 1939-)",21,Prints
172441,2015.104,Artists' Impressions,"Artists' Impressions, 1992-93. Christopher Brown (American, 1951-), Clinton Adams (American, 1918-2002), David Row (American, 1949-), Edward Ruscha (American, 1937-), Garo Zareh Antreasian (American, 1922-), Gendron Lloyd Jensen (American, 1939-), George McNeil (American, 1908-1995), Hollis Sigler (American, 1948-2001), Italo Scanga (American, 1932-2001), James Drake (American, 1946-), James Granberry Davis (American, 1931-), Jaune Quick-to-See Smith (American, 1940-), John Beerman (American, b. 1958), Joy Laville (American, 1923-), June Wayne (American, 1918-2011), Larry Brown (American, b. 1942), Margo Humphrey (American, 1942-), Mary Ristow (American, 1953-), Robert Colescott (American, 1925-2009), Roberto Juarez (American, 1952-), Squeak Carnwath (American, 1947-), Steven Sorman, Walter Miller Askin (American, 1929-), William Brice (American, 1921-2008), published by Printed at Tamarind Institute, University of New Mexico, Albuquerque, NM. Portfolio of 24 lithographs by 24 artists; The Cleveland Museum of Art, Gift of Linda and Jack Lissauer in honor of Director William M. Griswold 2015.104",66308,artist,"Walter Miller Askin (American, 1929-)",21,Prints
172441,2015.104,Artists' Impressions,"Artists' Impressions, 1992-93. Christopher Brown (American, 1951-), Clinton Adams (American, 1918-2002), David Row (American, 1949-), Edward Ruscha (American, 1937-), Garo Zareh Antreasian (American, 1922-), Gendron Lloyd Jensen (American, 1939-), George McNeil (American, 1908-1995), Hollis Sigler (American, 1948-2001), Italo Scanga (American, 1932-2001), James Drake (American, 1946-), James Granberry Davis (American, 1931-), Jaune Quick-to-See Smith (American, 1940-), John Beerman (American, b. 1958), Joy Laville (American, 1923-), June Wayne (American, 1918-2011), Larry Brown (American, b. 1942), Margo Humphrey (American, 1942-), Mary Ristow (American, 1953-), Robert Colescott (American, 1925-2009), Roberto Juarez (American, 1952-), Squeak Carnwath (American, 1947-), Steven Sorman, Walter Miller Askin (American, 1929-), William Brice (American, 1921-2008), published by Printed at Tamarind Institute, University of New Mexico, Albuquerque, NM. Portfolio of 24 lithographs by 24 artists; The Cleveland Museum of Art, Gift of Linda and Jack Lissauer in honor of Director William M. Griswold 2015.104",66311,artist,"William Brice (American, 1921-2008)",21,Prints
172441,2015.104,Artists' Impressions,"Artists' Impressions, 1992-93. Christopher Brown (American, 1951-), Clinton Adams (American, 1918-2002), David Row (American, 1949-), Edward Ruscha (American, 1937-), Garo Zareh Antreasian (American, 1922-), Gendron Lloyd Jensen (American, 1939-), George McNeil (American, 1908-1995), Hollis Sigler (American, 1948-2001), Italo Scanga (American, 1932-2001), James Drake (American, 1946-), James Granberry Davis (American, 1931-), Jaune Quick-to-See Smith (American, 1940-), John Beerman (American, b. 1958), Joy Laville (American, 1923-), June Wayne (American, 1918-2011), Larry Brown (American, b. 1942), Margo Humphrey (American, 1942-), Mary Ristow (American, 1953-), Robert Colescott (American, 1925-2009), Roberto Juarez (American, 1952-), Squeak Carnwath (American, 1947-), Steven Sorman, Walter Miller Askin (American, 1929-), William Brice (American, 1921-2008), published by Printed at Tamarind Institute, University of New Mexico, Albuquerque, NM. Portfolio of 24 lithographs by 24 artists; The Cleveland Museum of Art, Gift of Linda and Jack Lissauer in honor of Director William M. Griswold 2015.104",66314,artist,"Larry Brown (American, b. 1942)",21,Prints
172441,2015.104,Artists' Impressions,"Artists' Impressions, 1992-93. Christopher Brown (American, 1951-), Clinton Adams (American, 1918-2002), David Row (American, 1949-), Edward Ruscha (American, 1937-), Garo Zareh Antreasian (American, 1922-), Gendron Lloyd Jensen (American, 1939-), George McNeil (American, 1908-1995), Hollis Sigler (American, 1948-2001), Italo Scanga (American, 1932-2001), James Drake (American, 1946-), James Granberry Davis (American, 1931-), Jaune Quick-to-See Smith (American, 1940-), John Beerman (American, b. 1958), Joy Laville (American, 1923-), June Wayne (American, 1918-2011), Larry Brown (American, b. 1942), Margo Humphrey (American, 1942-), Mary Ristow (American, 1953-), Robert Colescott (American, 1925-2009), Roberto Juarez (American, 1952-), Squeak Carnwath (American, 1947-), Steven Sorman, Walter Miller Askin (American, 1929-), William Brice (American, 1921-2008), published by Printed at Tamarind Institute, University of New Mexico, Albuquerque, NM. Portfolio of 24 lithographs by 24 artists; The Cleveland Museum of Art, Gift of Linda and Jack Lissauer in honor of Director William M. Griswold 2015.104",66317,artist,"Squeak Carnwath (American, 1947-)",21,Prints
172441,2015.104,Artists' Impressions,"Artists' Impressions, 1992-93. Christopher Brown (American, 1951-), Clinton Adams (American, 1918-2002), David Row (American, 1949-), Edward Ruscha (American, 1937-), Garo Zareh Antreasian (American, 1922-), Gendron Lloyd Jensen (American, 1939-), George McNeil (American, 1908-1995), Hollis Sigler (American, 1948-2001), Italo Scanga (American, 1932-2001), James Drake (American, 1946-), James Granberry Davis (American, 1931-), Jaune Quick-to-See Smith (American, 1940-), John Beerman (American, b. 1958), Joy Laville (American, 1923-), June Wayne (American, 1918-2011), Larry Brown (American, b. 1942), Margo Humphrey (American, 1942-), Mary Ristow (American, 1953-), Robert Colescott (American, 1925-2009), Roberto Juarez (American, 1952-), Squeak Carnwath (American, 1947-), Steven Sorman, Walter Miller Askin (American, 1929-), William Brice (American, 1921-2008), published by Printed at Tamarind Institute, University of New Mexico, Albuquerque, NM. Portfolio of 24 lithographs by 24 artists; The Cleveland Museum of Art, Gift of Linda and Jack Lissauer in honor of Director William M. Griswold 2015.104",66320,artist,"James Drake (American, 1946-)",21,Prints
172441,2015.104,Artists' Impressions,"Artists' Impressions, 1992-93. Christopher Brown (American, 1951-), Clinton Adams (American, 1918-2002), David Row (American, 1949-), Edward Ruscha (American, 1937-), Garo Zareh Antreasian (American, 1922-), Gendron Lloyd Jensen (American, 1939-), George McNeil (American, 1908-1995), Hollis Sigler (American, 1948-2001), Italo Scanga (American, 1932-2001), James Drake (American, 1946-), James Granberry Davis (American, 1931-), Jaune Quick-to-See Smith (American, 1940-), John Beerman (American, b. 1958), Joy Laville (American, 1923-), June Wayne (American, 1918-2011), Larry Brown (American, b. 1942), Margo Humphrey (American, 1942-), Mary Ristow (American, 1953-), Robert Colescott (American, 1925-2009), Roberto Juarez (American, 1952-), Squeak Carnwath (American, 1947-), Steven Sorman, Walter Miller Askin (American, 1929-), William Brice (American, 1921-2008), published by Printed at Tamarind Institute, University of New Mexico, Albuquerque, NM. Portfolio of 24 lithographs by 24 artists; The Cleveland Museum of Art, Gift of Linda and Jack Lissauer in honor of Director William M. Griswold 2015.104",66323,artist,"Margo Humphrey (American, 1942-)",21,Prints
172441,2015.104,Artists' Impressions,"Artists' Impressions, 1992-93. Christopher Brown (American, 1951-), Clinton Adams (American, 1918-2002), David Row (American, 1949-), Edward Ruscha (American, 1937-), Garo Zareh Antreasian (American, 1922-), Gendron Lloyd Jensen (American, 1939-), George McNeil (American, 1908-1995), Hollis Sigler (American, 1948-2001), Italo Scanga (American, 1932-2001), James Drake (American, 1946-), James Granberry Davis (American, 1931-), Jaune Quick-to-See Smith (American, 1940-), John Beerman (American, b. 1958), Joy Laville (American, 1923-), June Wayne (American, 1918-2011), Larry Brown (American, b. 1942), Margo Humphrey (American, 1942-), Mary Ristow (American, 1953-), Robert Colescott (American, 1925-2009), Roberto Juarez (American, 1952-), Squeak Carnwath (American, 1947-), Steven Sorman, Walter Miller Askin (American, 1929-), William Brice (American, 1921-2008), published by Printed at Tamarind Institute, University of New Mexico, Albuquerque, NM. Portfolio of 24 lithographs by 24 artists; The Cleveland Museum of Art, Gift of Linda and Jack Lissauer in honor of Director William M. Griswold 2015.104",66326,artist,"Roberto Juarez (American, 1952-)",21,Prints
172441,2015.104,Artists' Impressions,"Artists' Impressions, 1992-93. Christopher Brown (American, 1951-), Clinton Adams (American, 1918-2002), David Row (American, 1949-), Edward Ruscha (American, 1937-), Garo Zareh Antreasian (American, 1922-), Gendron Lloyd Jensen (American, 1939-), George McNeil (American, 1908-1995), Hollis Sigler (American, 1948-2001), Italo Scanga (American, 1932-2001), James Drake (American, 1946-), James Granberry Davis (American, 1931-), Jaune Quick-to-See Smith (American, 1940-), John Beerman (American, b. 1958), Joy Laville (American, 1923-), June Wayne (American, 1918-2011), Larry Brown (American, b. 1942), Margo Humphrey (American, 1942-), Mary Ristow (American, 1953-), Robert Colescott (American, 1925-2009), Roberto Juarez (American, 1952-), Squeak Carnwath (American, 1947-), Steven Sorman, Walter Miller Askin (American, 1929-), William Brice (American, 1921-2008), published by Printed at Tamarind Institute, University of New Mexico, Albuquerque, NM. Portfolio of 24 lithographs by 24 artists; The Cleveland Museum of Art, Gift of Linda and Jack Lissauer in honor of Director William M. Griswold 2015.104",66329,artist,"Joy Laville (American, 1923-)",21,Prints
172441,2015.104,Artists' Impressions,"Artists' Impressions, 1992-93. Christopher Brown (American, 1951-), Clinton Adams (American, 1918-2002), David Row (American, 1949-), Edward Ruscha (American, 1937-), Garo Zareh Antreasian (American, 1922-), Gendron Lloyd Jensen (American, 1939-), George McNeil (American, 1908-1995), Hollis Sigler (American, 1948-2001), Italo Scanga (American, 1932-2001), James Drake (American, 1946-), James Granberry Davis (American, 1931-), Jaune Quick-to-See Smith (American, 1940-), John Beerman (American, b. 1958), Joy Laville (American, 1923-), June Wayne (American, 1918-2011), Larry Brown (American, b. 1942), Margo Humphrey (American, 1942-), Mary Ristow (American, 1953-), Robert Colescott (American, 1925-2009), Roberto Juarez (American, 1952-), Squeak Carnwath (American, 1947-), Steven Sorman, Walter Miller Askin (American, 1929-), William Brice (American, 1921-2008), published by Printed at Tamarind Institute, University of New Mexico, Albuquerque, NM. Portfolio of 24 lithographs by 24 artists; The Cleveland Museum of Art, Gift of Linda and Jack Lissauer in honor of Director William M. Griswold 2015.104",66332,artist,"George McNeil (American, 1908-1995)",21,Prints
172441,2015.104,Artists' Impressions,"Artists' Impressions, 1992-93. Christopher Brown (American, 1951-), Clinton Adams (American, 1918-2002), David Row (American, 1949-), Edward Ruscha (American, 1937-), Garo Zareh Antreasian (American, 1922-), Gendron Lloyd Jensen (American, 1939-), George McNeil (American, 1908-1995), Hollis Sigler (American, 1948-2001), Italo Scanga (American, 1932-2001), James Drake (American, 1946-), James Granberry Davis (American, 1931-), Jaune Quick-to-See Smith (American, 1940-), John Beerman (American, b. 1958), Joy Laville (American, 1923-), June Wayne (American, 1918-2011), Larry Brown (American, b. 1942), Margo Humphrey (American, 1942-), Mary Ristow (American, 1953-), Robert Colescott (American, 1925-2009), Roberto Juarez (American, 1952-), Squeak Carnwath (American, 1947-), Steven Sorman, Walter Miller Askin (American, 1929-), William Brice (American, 1921-2008), published by Printed at Tamarind Institute, University of New Mexico, Albuquerque, NM. Portfolio of 24 lithographs by 24 artists; The Cleveland Museum of Art, Gift of Linda and Jack Lissauer in honor of Director William M. Griswold 2015.104",66335,artist,NULL,21,Prints
172441,2015.104,Artists' Impressions,"Artists' Impressions, 1992-93. Christopher Brown (American, 1951-), Clinton Adams (American, 1918-2002), David Row (American, 1949-), Edward Ruscha (American, 1937-), Garo Zareh Antreasian (American, 1922-), Gendron Lloyd Jensen (American, 1939-), George McNeil (American, 1908-1995), Hollis Sigler (American, 1948-2001), Italo Scanga (American, 1932-2001), James Drake (American, 1946-), James Granberry Davis (American, 1931-), Jaune Quick-to-See Smith (American, 1940-), John Beerman (American, b. 1958), Joy Laville (American, 1923-), June Wayne (American, 1918-2011), Larry Brown (American, b. 1942), Margo Humphrey (American, 1942-), Mary Ristow (American, 1953-), Robert Colescott (American, 1925-2009), Roberto Juarez (American, 1952-), Squeak Carnwath (American, 1947-), Steven Sorman, Walter Miller Askin (American, 1929-), William Brice (American, 1921-2008), published by Printed at Tamarind Institute, University of New Mexico, Albuquerque, NM. Portfolio of 24 lithographs by 24 artists; The Cleveland Museum of Art, Gift of Linda and Jack Lissauer in honor of Director William M. Griswold 2015.104",66338,artist,"Hollis Sigler (American, 1948-2001)",21,Prints
172441,2015.104,Artists' Impressions,"Artists' Impressions, 1992-93. Christopher Brown (American, 1951-), Clinton Adams (American, 1918-2002), David Row (American, 1949-), Edward Ruscha (American, 1937-), Garo Zareh Antreasian (American, 1922-), Gendron Lloyd Jensen (American, 1939-), George McNeil (American, 1908-1995), Hollis Sigler (American, 1948-2001), Italo Scanga (American, 1932-2001), James Drake (American, 1946-), James Granberry Davis (American, 1931-), Jaune Quick-to-See Smith (American, 1940-), John Beerman (American, b. 1958), Joy Laville (American, 1923-), June Wayne (American, 1918-2011), Larry Brown (American, b. 1942), Margo Humphrey (American, 1942-), Mary Ristow (American, 1953-), Robert Colescott (American, 1925-2009), Roberto Juarez (American, 1952-), Squeak Carnwath (American, 1947-), Steven Sorman, Walter Miller Askin (American, 1929-), William Brice (American, 1921-2008), published by Printed at Tamarind Institute, University of New Mexico, Albuquerque, NM. Portfolio of 24 lithographs by 24 artists; The Cleveland Museum of Art, Gift of Linda and Jack Lissauer in honor of Director William M. Griswold 2015.104",66341,artist,"Jaune Quick-to-See Smith (American, 1940-)",21,Prints
172441,2015.104,Artists' Impressions,"Artists' Impressions, 1992-93. Christopher Brown (American, 1951-), Clinton Adams (American, 1918-2002), David Row (American, 1949-), Edward Ruscha (American, 1937-), Garo Zareh Antreasian (American, 1922-), Gendron Lloyd Jensen (American, 1939-), George McNeil (American, 1908-1995), Hollis Sigler (American, 1948-2001), Italo Scanga (American, 1932-2001), James Drake (American, 1946-), James Granberry Davis (American, 1931-), Jaune Quick-to-See Smith (American, 1940-), John Beerman (American, b. 1958), Joy Laville (American, 1923-), June Wayne (American, 1918-2011), Larry Brown (American, b. 1942), Margo Humphrey (American, 1942-), Mary Ristow (American, 1953-), Robert Colescott (American, 1925-2009), Roberto Juarez (American, 1952-), Squeak Carnwath (American, 1947-), Steven Sorman, Walter Miller Askin (American, 1929-), William Brice (American, 1921-2008), published by Printed at Tamarind Institute, University of New Mexico, Albuquerque, NM. Portfolio of 24 lithographs by 24 artists; The Cleveland Museum of Art, Gift of Linda and Jack Lissauer in honor of Director William M. Griswold 2015.104",66344,artist,"June Wayne (American, 1918-2011)",21,Prints
172441,2015.104,Artists' Impressions,"Artists' Impressions, 1992-93. Christopher Brown (American, 1951-), Clinton Adams (American, 1918-2002), David Row (American, 1949-), Edward Ruscha (American, 1937-), Garo Zareh Antreasian (American, 1922-), Gendron Lloyd Jensen (American, 1939-), George McNeil (American, 1908-1995), Hollis Sigler (American, 1948-2001), Italo Scanga (American, 1932-2001), James Drake (American, 1946-), James Granberry Davis (American, 1931-), Jaune Quick-to-See Smith (American, 1940-), John Beerman (American, b. 1958), Joy Laville (American, 1923-), June Wayne (American, 1918-2011), Larry Brown (American, b. 1942), Margo Humphrey (American, 1942-), Mary Ristow (American, 1953-), Robert Colescott (American, 1925-2009), Roberto Juarez (American, 1952-), Squeak Carnwath (American, 1947-), Steven Sorman, Walter Miller Askin (American, 1929-), William Brice (American, 1921-2008), published by Printed at Tamarind Institute, University of New Mexico, Albuquerque, NM. Portfolio of 24 lithographs by 24 artists; The Cleveland Museum of Art, Gift of Linda and Jack Lissauer in honor of Director William M. Griswold 2015.104",68870,publisher,"Printed at Tamarind Institute, University of New Mexico, Albuquerque, NM",21,Prints
172569,2015.6,Head Beaker,"Head Beaker, 900-1100 . Central Andes (Peru), Lambayeque (Sicán) people, 10th century-12th century. Gold, hammered; overall: 23.5 x 19.8 cm (9 1/4 x 7 13/16 in.). The Cleveland Museum of Art, Severance and Greta Millikin Purchase Fund 2015.6",,,,2,Art of the Americas
281599,2016.9,Memorial Figure (Ere ibeji),"Memorial Figure (Ere ibeji), late 1800s-early 1900s. Guinea Coast, Nigeria, Yoruba people. Wood, metal, beads, cowries, fiber, blue pigment; overall: 25.6 x 18.8 x 5.8 cm (10 1/16 x 7 3/8 x 2 5/16 in.). The Cleveland Museum of Art, Gift of Kim Sherwin 2016.9",,,,0,African Art
286706,2016.56,Ram Mask (Bolo),"Ram Mask (Bolo), possibly early 1900s. Western Sudan, Burkina Faso, Bobo people. Wood; The Cleveland Museum of Art, René and Odette Delenne Collection, Leonard C. Hanna, Jr. Fund 2016.56",,,,0,African Art
301455,2017.113,Ming with Sword,"Ming with Sword, 2009 (printed 2011). Anderson & Low. Digital inkjet print; image: 50.8 x 67.6 cm (20 x 26 5/8 in.); framed: 61 x 77.8 cm (24 x 30 5/8 in.). The Cleveland Museum of Art, Sundry Purchase Fund 2017.113 © Anderson & Low",323633,NULL,Anderson & Low,20,Photography
